Q,label
날씨 알려주겠니,weather
날씨 정보 알려주세요,weather
그 때 기온 어떨까,weather
그 때 기온 좋으려나,weather
기온 어떨 것 같은데,weather
기온 어때,weather
기온 말해줄래,weather
기온 어떠니,weather
구름 많이 꼈나,weather
기온 어떠냐,weather
야 기온 어때,weather
날씨 맑을까,weather
내일 날씨 덥냐,weather
모레 날씨 흐리냐,weather
오늘 우산 써야 할까,weather
오늘 날씨 흐리냐,weather
날씨 덥냐,weather
오늘 날씨 맑니,weather
내일 날씨 덥냐,weather
어떤데 날씨,weather
날씨 어떤데,weather
서울 날씨 덥냐,weather
내일 습도 어때,weather
습도 어떠냐,weather
날씨 정보 알려줘봐,weather
날씨 어떠냐,weather
내일 기온 어때,weather
내일 구름 많아,weather
내일 하늘 어때,weather
내일 맑을까,weather
모레 기온 떨어져,weather
기온이 떨어질까,weather
기온이 올라갈까,weather
날씨,weather
날씨 알려주삼,weather
날씨 좀 알려줘,weather
내일 추울까,weather
오늘 추워,weather
패딩 입어야 할까,weather
코트 입어야 할까,weather
비 오는지 알려줄레,weather
비 와,weather
눈이 올까,weather
오늘 눈이 올까,weather
눈이 얼마나 올까,weather
비가 얼마나 올까,weather
날씨가 흐릴까,weather
비 오는지 말해 줘봐,weather
눈 올지 알려주세요,weather
날씨 좀 알려주세요,weather
날씨 좀 알려 줄 수 있니,weather
비 오냐,weather
눈 오냐,weather
날씨 좀 알려줘봐,weather
날씨 어때,weather
구름 어때,weather
눈 오는지 알려줘봐,weather
눈 오는지 알려줘,weather
눈 옵니까,weather
비 옵니까,weather
비 오는지 알려줘봐,weather
비 오는지 알려줘라,weather
날씨 좀 알려줘봐,weather
비 오는지 알려 줄 수 있니,weather
날씨가 눈이 올까,weather
날씨가 비가 올까,weather
먼지가 어때,weather
구름 많음,weather
구름 적음,weather
오늘 날씨 좀 알려줘,weather
오늘 날씨 좀 알려줘봐,weather
눈 올지 말해 줘라,weather
눈 올지 알려 줘,weather
비 올지 알려 줘,weather
비 올지 알려 줘봐,weather
날씨 정보,weather
날씨 어떤지 알려줘봐,weather
날씨 어떤지 말해줘,weather
날씨 뭔데,weather
눈 올지 알려줘,weather
비 올지 알려주세요,weather
비 오는지 알려 줘 주세요,weather
눈 오냐고,weather
비 오냐고,weather
날씨 어떠냐,weather
구름 정보 알려줘,weather
비 정보 알려줘,weather
눈 정보 알려줘,weather
날씨가 추워질까요,weather
날씨가 덥니,weather
날씨가 더워지니,weather
날씨가 더워질까요,weather
날씨 더워,weather
날씨 추워,weather
날씨가 추워 질까,weather
날씨가 추워지니,weather
날씨가 추워지나요,weather
날씨는 어떨까,weather
날씨 정보,weather
우산이 필요할까,weather
우산 필요해,weather
옷차림 어떻게 해야될까,weather
옷을 어떻게 입어야 할까,weather
날씨는 눈이 와,weather
눈이 올까요,weather
비가 올까 봐줄래,weather
비가 오는 지 봐줄래,weather
패딩 입을 날씨 야,weather
패딩을 입어야 할까,weather
비가 오는지 봐줄 수 있어,weather
비가 올 수 있을까,weather
내일 날씨 눈이 올까,weather
내일 날씨 비가 올까,weather
내일 눈이 오는 지 바줄 수 있어,weather
모레 날씨 오는지 알 수 있을까,weather
강남구 날씨 어때,weather
날씨 어떤지 알수 있어,weather
날씨가 어떤지 알려줘봐,weather
우산을 써야하나,weather
날씨가 추울까,weather
날씨가 더울까,weather
날씨가 맑아질까,weather
날씨가 흐려질까,weather
하늘이 흐려질가,weather
구름이 많아 질까,weather
구름 많어,weather
하늘이 흐려질까,weather
동네 날씨 좀 알려줄래,weather
동네 날씨,weather
이봐 날씨 좀 알려줄래,weather
어이 날씨 좀 알려줘,weather
이봐 날씨 어떤데,weather
서울 금천구 우산 필요하냐,weather
서울 용산구 날씨 맑을까,weather
서울 중구 맑을까,weather
서울 강북구 비오니,weather
서울 영등포구 비오니,weather
서울 서대문구 날씨 흐릴까,weather
서울 강동구 우산 필요하니,weather
서울 중랑구 맑니,weather
서울 종로구 우산 써야하니,weather
서울 노원구 흐릴까,weather
서울 동대문구 맑니,weather
서울 은평구 날씨 어때,weather
서울 강북구 날씨 추울까,weather
서울 강서구 추울까,weather
서울 도봉구 우산 필요해,weather
서울 강북구 날씨 어떠냐,weather
서울 송파구 우산 가져가야하니,weather
서울 용산구 흐리냐,weather
서울 광진구 날씨 어떠니,weather
서울 송파구 눈 오니,weather
서울 강서구 눈 오냐,weather
서울 성동구 비오니,weather
서울 금천구 우산 챙겨야해,weather
서울 영등포구 날씨 어떠니,weather
서울 강북구 우산 써야 할까,weather
서울 용산구 날씨 흐리니,weather
서울 강남구 날씨 흐리니,weather
서울 용산구 덥니,weather
서울 성동구 우산 가져가야하니,weather
서울 중랑구 춥냐,weather
서울 강북구 날씨 더울까,weather
서울 도봉구 눈 올까,weather
서울 동대문구 흐리니,weather
서울 관악구 우산 써야하니,weather
서울 관악구 덥냐,weather
서울 노원구 비 올까,weather
서울 종로구 춥니,weather
서울 강서구 눈 올까,weather
서울 강남구 흐릴까,weather
서울 강동구 춥냐,weather
서울 서대문구 우산 써야하니,weather
서울 동작구 우산 필요하냐,weather
서울 중랑구 날씨 맑냐,weather
서울 양천구 흐리냐,weather
서울 노원구 날씨 흐리냐,weather
서울 송파구 날씨 덥냐,weather
서울 강남구 날씨 어떠냐,weather
서울 중구 날씨 춥니,weather
서울 구로구 날씨 춥냐,weather
서울 도봉구 날씨 어떠니,weather
서울 강북구 흐리냐,weather
서울 동작구 우산 필요하니,weather
서울 관악구 우산 챙겨야해,weather
서울 성동구 흐릴까,weather
서울 노원구 우산 필요하니,weather
서울 성동구 날씨 맑을까,weather
서울 중랑구 날씨 흐릴까,weather
서울 광진구 비오니,weather
서울 구로구 우산 써야하니,weather
서울 성북구 우산 필요해,weather
서울 동작구 우산 쓸까,weather
서울 성동구 눈 올까,weather
서울 광진구 날씨 어때,weather
서울 강동구 추울까,weather
서울 종로구 덥냐,weather
서울 강서구 비오냐,weather
서울 강남구 날씨 춥니,weather
서울 영등포구 흐리니,weather
서울 동대문구 날씨 맑냐,weather
서울 광진구 흐리냐,weather
서울 동대문구 춥니,weather
서울 금천구 우산 가져갈까,weather
서울 광진구 덥니,weather
서울 서대문구 더울까,weather
서울 양천구 우산 챙길까,weather
서울 강서구 춥냐,weather
서울 광진구 흐리니,weather
서울 구로구 날씨 추울까,weather
서울 양천구 눈 오니,weather
서울 영등포구 맑니,weather
서울 강서구 날씨 덥냐,weather
서울 서대문구 우산 필요해,weather
서울 성동구 추울까,weather
서울 마포구 우산 챙겨야 할까,weather
서울 강서구 흐리냐,weather
서울 강북구 눈 오냐,weather
서울 용산구 덥냐,weather
서울 금천구 날씨 어떠냐,weather
서울 동대문구 추울까,weather
서울 중랑구 날씨 어떠냐,weather
서울 영등포구 우산 챙겨야 할까,weather
서울 강남구 날씨 맑니,weather
서울 종로구 우산 써야 할까,weather
서울 동작구 날씨 어떠니,weather
서울 중랑구 우산 가져갈까,weather
서울 강서구 날씨 어때,weather
서울 용산구 흐릴까,weather
서울 송파구 날씨 어떠냐,weather
서울 양천구 우산 챙겨야해,weather
서울 동작구 날씨 맑을까,weather
서울 동대문구 날씨 추울까,weather
서울 노원구 춥냐,weather
서울 마포구 날씨 어떠냐,weather
서울 성동구 눈 오니,weather
서울 용산구 우산 써야 할까,weather
서울 동대문구 더울까,weather
서울 금천구 날씨 맑냐,weather
서울 종로구 날씨 더울까,weather
서울 동작구 춥냐,weather
서울 양천구 맑니,weather
서울 성북구 흐리니,weather
서울 중랑구 흐릴까,weather
서울 도봉구 날씨 어때,weather
서울 도봉구 우산 챙겨야해,weather
서울 강서구 날씨 흐릴까,weather
서울 영등포구 맑을까,weather
서울 구로구 날씨 흐릴까,weather
서울 금천구 우산 필요할까,weather
서울 양천구 우산 쓸까,weather
서울 마포구 우산 필요하니,weather
서울 서대문구 우산 챙겨야 할까,weather
서울 강남구 날씨 덥냐,weather
서울 중랑구 우산 필요할까,weather
서울 도봉구 우산 챙길까,weather
서울 노원구 맑을까,weather
서울 중랑구 추울까,weather
서울 금천구 날씨 덥니,weather
서울 강북구 춥니,weather
서울 금천구 날씨 흐리냐,weather
서울 강동구 우산 필요해,weather
서울 강동구 날씨 맑을까,weather
서울 송파구 맑을까,weather
서울 마포구 우산 가져갈까,weather
서울 종로구 춥냐,weather
서울 영등포구 날씨 추울까,weather
서울 구로구 날씨 덥니,weather
서울 관악구 날씨 흐리냐,weather
서울 종로구 날씨 맑냐,weather
서울 용산구 우산 필요하냐,weather
서울 종로구 비오니,weather
서울 중랑구 우산 필요하냐,weather
서울 강남구 흐리니,weather
서울 노원구 비오냐,weather
서울 은평구 날씨 흐릴까,weather
서울 광진구 날씨 춥니,weather
서울 영등포구 비 올까,weather
서울 성북구 날씨 맑을까,weather
서울 양천구 우산 써야하니,weather
서울 은평구 흐리냐,weather
서울 성북구 우산 챙길까,weather
서울 관악구 맑니,weather
서울 강북구 흐리니,weather
서울 구로구 우산 가져갈까,weather
서울 구로구 날씨 어떠니,weather
서울 동대문구 우산 써야하니,weather
서울 중랑구 날씨 춥냐,weather
서울 서초구 흐리니,weather
서울 강북구 우산 챙겨야 할까,weather
서울 송파구 맑니,weather
서울 서초구 우산 가져가야하니,weather
서울 강동구 우산 가져가야하니,weather
서울 동대문구 날씨 덥냐,weather
서울 구로구 우산 필요할까,weather
서울 강동구 날씨 흐리니,weather
서울 영등포구 우산 필요하니,weather
서울 서대문구 흐리냐,weather
서울 중구 흐리니,weather
서울 금천구 날씨 춥니,weather
서울 광진구 눈 오냐,weather
서울 성동구 덥냐,weather
서울 중랑구 우산 챙겨야 할까,weather
서울 양천구 날씨 맑냐,weather
서울 송파구 우산 필요하니,weather
서울 서대문구 흐리니,weather
서울 도봉구 덥냐,weather
서울 노원구 더울까,weather
서울 은평구 우산 가져가야하니,weather
서울 강동구 우산 필요할까,weather
서울 성동구 날씨 추울까,weather
서울 성동구 맑을까,weather
서울 성동구 날씨 어떠냐,weather
서울 서초구 눈 오니,weather
서울 양천구 우산 가져가야하니,weather
서울 강남구 날씨 덥니,weather
서울 강동구 우산 써야하니,weather
서울 종로구 눈 올까,weather
서울 은평구 맑냐,weather
서울 송파구 우산 필요하냐,weather
서울 송파구 우산 쓸까,weather
서울 은평구 날씨 덥냐,weather
서울 노원구 우산 가져가야하니,weather
서울 중랑구 날씨 춥니,weather
서울 강북구 우산 필요할까,weather
서울 용산구 날씨 덥니,weather
서울 용산구 비오니,weather
서울 서초구 추울까,weather
서울 용산구 우산 써야하니,weather
서울 서대문구 흐릴까,weather
서울 구로구 우산 챙겨야 할까,weather
서울 구로구 날씨 어떠냐,weather
서울 금천구 비오냐,weather
서울 성북구 추울까,weather
서울 동작구 눈 올까,weather
서울 서대문구 우산 가져갈까,weather
서울 광진구 우산 필요할까,weather
서울 중랑구 덥냐,weather
서울 동대문구 흐리냐,weather
서울 도봉구 우산 가져가야하니,weather
서울 송파구 우산 써야하니,weather
서울 관악구 비오냐,weather
서울 관악구 우산 챙길까,weather
서울 은평구 흐릴까,weather
서울 강서구 우산 써야하니,weather
서울 광진구 추울까,weather
서울 노원구 날씨 좋니,weather
서울 구로구 맑을까,weather
서울 종로구 날씨 어떠냐,weather
서울 중구 눈 올까,weather
서울 강북구 우산 가져가야하니,weather
서울 강동구 눈 오냐,weather
서울 광진구 날씨 맑냐,weather
서울 구로구 춥니,weather
서울 영등포구 우산 써야 할까,weather
서울 중랑구 날씨 덥냐,weather
서울 서대문구 춥냐,weather
서울 동작구 날씨 덥냐,weather
서울 영등포구 우산 필요하냐,weather
서울 동대문구 눈 올까,weather
서울 영등포구 날씨 더울까,weather
서울 중구 날씨 맑니,weather
서울 구로구 날씨 어때,weather
서울 관악구 날씨 맑을까,weather
서울 동작구 덥냐,weather
서울 용산구 날씨 추울까,weather
서울 서대문구 우산 필요하냐,weather
서울 강동구 우산 써야 할까,weather
서울 송파구 덥니,weather
서울 마포구 날씨 춥냐,weather
서울 송파구 더울까,weather
서울 도봉구 날씨 더울까,weather
서울 송파구 춥니,weather
서울 양천구 우산 챙겨야 할까,weather
서울 성동구 흐리니,weather
서울 노원구 덥냐,weather
서울 서대문구 날씨 어떠냐,weather
서울 종로구 우산 챙겨야 할까,weather
서울 성북구 비오냐,weather
서울 도봉구 비 올까,weather
서울 금천구 날씨 흐리니,weather
서울 마포구 눈 오니,weather
서울 서대문구 날씨 더울까,weather
서울 서대문구 날씨 덥니,weather
서울 관악구 날씨 어떠니,weather
서울 마포구 맑을까,weather
서울 마포구 날씨 어때,weather
서울 강북구 우산 필요해,weather
서울 중구 덥니,weather
서울 도봉구 날씨 흐리니,weather
서울 양천구 날씨 더울까,weather
서울 강동구 우산 챙길까,weather
서울 강남구 날씨 더울까,weather
서울 성동구 우산 챙길까,weather
서울 강동구 흐리냐,weather
서울 강북구 날씨 춥냐,weather
서울 은평구 우산 가져갈까,weather
서울 종로구 맑을까,weather
서울 은평구 춥니,weather
서울 도봉구 우산 필요하냐,weather
서울 노원구 우산 필요해,weather
서울 중구 날씨 맑을까,weather
서울 중구 우산 필요할까,weather
서울 금천구 흐리니,weather
서울 노원구 눈 오냐,weather
서울 강북구 비 올까,weather
서울 관악구 우산 필요할까,weather
서울 성북구 우산 필요할까,weather
서울 구로구 눈 오냐,weather
서울 강남구 우산 챙길까,weather
서울 강서구 덥니,weather
서울 강서구 더울까,weather
서울 서초구 날씨 좋니,weather
서울 중구 우산 챙겨야 할까,weather
서울 강서구 날씨 더울까,weather
서울 마포구 우산 필요할까,weather
서울 중구 날씨 어떠니,weather
서울 영등포구 날씨 덥니,weather
서울 중랑구 흐리냐,weather
서울 강동구 덥냐,weather
서울 강남구 우산 쓸까,weather
서울 양천구 날씨 어떠냐,weather
서울 관악구 맑을까,weather
서울 강서구 우산 챙길까,weather
서울 성북구 우산 가져갈까,weather
서울 동대문구 우산 챙겨야해,weather
서울 중구 추울까,weather
서울 영등포구 날씨 맑을까,weather
서울 성북 흐릴까,weather
서울 중구 날씨 추울까,weather
서울 송파 우산 써야 할까,weather
서울 마포 흐리니,weather
서울 도봉 맑을까,weather
서울 도봉 날씨 흐릴까,weather
서울 강동 날씨 좋니,weather
서울 서대문 춥니,weather
서울 광진 덥냐,weather
서울 강서 비 올까,weather
서울 성동 우산 챙겨야해,weather
서울 동대문 날씨 좋니,weather
서울 은평 날씨 흐리냐,weather
서울 동작 눈 오냐,weather
서울 강남 날씨 어때,weather
서울 강남 눈 오냐,weather
서울 금천 흐리냐,weather
서울 중랑 눈 오니,weather
서울 영등포 날씨 맑니,weather
서울 성북 눈 올까,weather
서울 서초 비오냐,weather
서울 동대문 흐릴까,weather
서울 강동 춥니,weather
서울 강북 우산 써야하니,weather
서울 용산 우산 챙겨야 할까,weather
서울 송파 우산 필요해,weather
서울 서대문 덥니,weather
서울 영등포 흐릴까,weather
서울 서대문 비오니,weather
서울 성북 날씨 춥니,weather
서울 중랑 우산 필요하니,weather
서울 용산 춥냐,weather
서울 강동 우산 쓸까,weather
서울 도봉 우산 필요할까,weather
서울 용산 날씨 흐리냐,weather
서울 강남 비오니,weather
서울 마포 우산 쓸까,weather
서울 동대문 비오니,weather
서울 성북 우산 필요하냐,weather
서울 노원 덥니,weather
서울 양천 춥냐,weather
서울 송파 날씨 춥냐,weather
서울 중구 우산 필요하니,weather
서울 관악 날씨 맑니,weather
서울 마포 흐릴까,weather
서울 용산 날씨 춥냐,weather
서울 용산 맑을까,weather
서울 중구 날씨 더울까,weather
서울 중구 우산 필요해,weather
서울 동작 맑니,weather
서울 영등포 날씨 맑냐,weather
서울 서대문 맑을까,weather
서울 동대문 우산 필요할까,weather
서울 서대문 맑니,weather
서울 중랑 날씨 맑니,weather
서울 광진 날씨 춥냐,weather
서울 서대문 날씨 맑니,weather
서울 노원 날씨 춥니,weather
서울 성동 춥니,weather
서울 광진 우산 필요하냐,weather
서울 노원 우산 챙길까,weather
서울 영등포 우산 가져갈까,weather
서울 광진 날씨 추울까,weather
서울 영등포 더울까,weather
서울 용산 날씨 어때,weather
서울 송파 우산 챙겨야 할까,weather
서울 용산 흐리니,weather
서울 서대문 비 올까,weather
서울 은평 날씨 맑을까,weather
서울 중구 맑니,weather
서울 도봉 추울까,weather
서울 종로 날씨 덥냐,weather
서울 동대문 비 올까,weather
서울 중구 비 올까,weather
서울 중랑 흐리니,weather
서울 노원 날씨 맑을까,weather
서울 중랑 날씨 덥니,weather
서울 양천 날씨 흐릴까,weather
기온 시원하니,weather
따뜻하니 기온,weather
인천 기온 따뜻해,weather
부산 시원해,weather
부산 시원하니,weather
시원한 기온니,weather
밀양 지금 기온 시원해,weather
구름 껴서 기온 쌀쌀해,weather
모레 기온 알려줘,weather
기온 어떠려나,weather
전주 기온 어떤지 말해줘,weather
기온 궁금해서 물어봤어,weather
기온 알려주세요,weather
기온 어떠려나,weather
체감 기온 어떠려나,weather
모레 날씨 알려주겠니,weather
고성 우산 필요해,weather
수원 날씨 맑을까,weather
동두천 우산 써야하니,weather
홍성 우산 필요할까,weather
영양 날씨 춥니,weather
안산 우산 챙겨야해,weather
여수 우산 써야 할까,weather
의성 흐릴까,weather
진주 날씨 흐리냐,weather
수원 날씨 흐리냐,weather
무안 비 올까,weather
군산 더울까,weather
홍성 눈 오니,weather
태백 날씨 맑냐,weather
영동 우산 챙겨야 할까,weather
거제 날씨 맑을까,weather
청도 날씨 추울까,weather
함양 덥니,weather
부천 날씨 어떠니,weather
포천 눈 오냐,weather
대구 날씨 춥니,weather
제천 날씨 맑을까,weather
통영 우산 쓸까,weather
정선 우산 필요하니,weather
고흥 날씨 더울까,weather
고성 우산 챙길까,weather
강릉 날씨 좋니,weather
서산 날씨 덥니,weather
완주 우산 필요하니,weather
완주 비오냐,weather
가평 날씨 흐리냐,weather
함평 우산 필요하냐,weather
공주 날씨 추울까,weather
강진 춥니,weather
영암 날씨 맑을까,weather
양양 날씨 흐릴까,weather
고양 날씨 흐리니,weather
평택 맑을까,weather
영동 비 올까,weather
통영 날씨 흐리니,weather
의정부 날씨 맑을까,weather
화순 우산 필요하니,weather
아산 우산 필요할까,weather
가평 날씨 맑냐,weather
대구 흐리냐,weather
문경 우산 가져갈까,weather
논산 우산 필요할까,weather
의성 우산 써야하니,weather
동두천 추울까,weather
거제 맑니,weather
미추홀 맑을까,weather
대구 춥니,weather
의왕 날씨 맑냐,weather
울진 날씨 추울까,weather
태백 날씨 좋니,weather
수원 비오냐,weather
춘천 맑니,weather
신안 날씨 추울까,weather
미추홀 날씨 추울까,weather
용산 우산 챙길까,weather
광양 우산 챙길까,weather
창녕 날씨 어떠냐,weather
춘천 더울까,weather
의령 날씨 추울까,weather
거제 우산 필요할까,weather
과천 눈 올까,weather
아산 우산 필요하니,weather
시흥 눈 오냐,weather
청양 눈 오냐,weather
곡성 춥니,weather
계룡 날씨 어떠냐,weather
증평 우산 필요할까,weather
밀양 눈 올까,weather
서산 우산 필요해,weather
장성 덥니,weather
예천 더울까,weather
일산 날씨 어떠냐,weather
군위 날씨 흐리냐,weather
보성 비오니,weather
당진 날씨 어떠니,weather
서천 날씨 맑냐,weather
동해 덥냐,weather
충주 날씨 덥냐,weather
포천 날씨 흐리니,weather
고창 날씨 흐리니,weather
남원 날씨 추울까,weather
진주 흐릴까,weather
의정부 맑을까,weather
천안 맑니,weather
예산 맑니,weather
무안 날씨 맑니,weather
김포 우산 가져가야하니,weather
홍성 춥니,weather
밀양 날씨 어떠니,weather
영주 우산 챙길까,weather
정읍 춥니,weather
영동 날씨 맑을까,weather
장수 우산 가져가야하니,weather
의성 눈 오니,weather
청주 더울까,weather
미추홀 우산 필요하니,weather
영주 흐릴까,weather
정선 우산 쓸까,weather
단양 우산 필요하니,weather
문경 날씨 맑냐,weather
태안 춥냐,weather
충주 우산 챙길까,weather
함안 날씨 춥니,weather
칠곡 날씨 덥냐,weather
고성 날씨 맑냐,weather
하남 날씨 맑냐,weather
하남 날씨 맑니,weather
청송 우산 필요해,weather
제주 우산 써야 할까,weather
의왕 추울까,weather
통영 우산 챙길까,weather
괴산 우산 써야 할까,weather
나주 우산 챙겨야 할까,weather
인제 눈 오냐,weather
대구 우산 써야하니,weather
단양 춥냐,weather
춘천 날씨 어떠니,weather
영양 우산 필요해,weather
태백 맑을까,weather
익산 눈 오니,weather
용인 날씨 추울까,weather
원주 흐릴까,weather
담양 춥니,weather
포천 추울까,weather
광명 우산 필요할까,weather
일산 날씨 흐리냐,weather
영덕 날씨 춥니,weather
무안 우산 필요할까,weather
과천 날씨 덥니,weather
제주 눈 오니,weather
가평 우산 써야하니,weather
미추홀 추울까,weather
제천 맑냐,weather
김포 더울까,weather
통영 날씨 맑냐,weather
거창 우산 써야 할까,weather
해남 비오냐,weather
보성 우산 쓸까,weather
괴산 날씨 맑을까,weather
청도 눈 올까,weather
정선 날씨 덥니,weather
여주 날씨 춥니,weather
포천 날씨 좋니,weather
청주 날씨 맑을까,weather
안동 날씨 추울까,weather
정읍 날씨 흐리냐,weather
당진 맑을까,weather
전주 날씨 춥니,weather
울릉 우산 필요해,weather
산청 날씨 흐리냐,weather
내일 부산 우산 써야해,weather
오늘 우산 써야 하니,weather
울산 내일 우산 써야 하니,weather
오늘 우산 써야 하니,weather
군산 내일 우산 써야 하니,weather
우산 써야 하니,weather
내일 부산 우산 써야해,weather
오늘 우산 써야 하니,weather
울산 내일 우산 써야 하니,weather
오늘 우산 써야 하니,weather
군산 내일 우산 써야 하니,weather
우산 써야 하니,weather
내일 부산 우산 써야해,weather
오늘 우산 써야 하니,weather
울산 내일 우산 써야 하니,weather
우산 쓰기 싫은데,weather
전주 우산 쓸까,weather
우산 써야 하니,weather
다음 주 우산 쓰기 싫어,weather
다음 주 우산 쓰기 싫어,weather
광주 비 옷 입을까,weather
모레 전북 우비 입어야 하니,weather
우비 입을까,weather
모레 비 옷 입어야 하니,weather
우산 챙길까 말까,weather
양주 우산 챙길까,weather
울산 우산 챙길까 고민 돼,weather
이천 우산 챙겨야 하니,weather
날씨 어떠니 좋니,weather
광주 비 옷 입을까,weather
모레 전북 우비 입어야 하니,weather
우비 입을까,weather
광주 비 옷 입을까,weather
모레 전북 우비 입어야 하니,weather
우비 입을까,weather
모레 비 옷 입어야 하니,weather
우산 챙길까 말까,weather
양주 우산 챙길까,weather
울산 우산 챙길까 고민 돼,weather
이천 우산 챙겨야 하니,weather
날씨 어떠니 좋니,weather
광주 비 옷 입을까,weather
모레 전북 우비 입어야 하니,weather
우비 입을까,weather
모레 비 옷 입어야 하니,weather
우산 챙길까 말까,weather
양주 우산 챙길까,weather
울산 우산 챙길까 고민 돼,weather
이천 우산 챙겨야 하니,weather
날씨 어떠니 좋니,weather
모레 비 옷 입어야 하니,weather
고창 우산 챙길까 말까,weather
남원 우산 챙길까,weather
완주 우산 챙길까 고민 돼,weather
오산 우산 챙겨야 하니,weather
날씨 어떠니 좋니,weather
우산 써야 하니,weather
내일 부산 우산 써야해,weather
오늘 우산 써야 하니,weather
울산 내일 우산 써야 하니,weather
오늘 우산 써야 하니,weather
군산 내일 우산 써야 하니,weather
우산 써야 하니,weather
내일 부산 우산 써야해,weather
오늘 우산 써야 하니,weather
울산 내일 우산 써야 하니,weather
오늘 우산 써야 하니,weather
군산 내일 우산 써야 하니,weather
우산 써야 하니,weather
내일 부산 우산 써야해,weather
오늘 우산 써야 하니,weather
울산 내일 우산 써야 하니,weather
우산 쓰기 싫은데,weather
전주 우산 쓸까,weather
우산 써야 하니,weather
다음 주 우산 쓰기 싫어,weather
다음 주 우산 쓰기 싫어,weather
광주 비 옷 입을까,weather
모레 전북 우비 입어야 하니,weather
우비 입을까,weather
모레 비 옷 입어야 하니,weather
우산 챙길까 말까,weather
양주 우산 챙길까,weather
울산 우산 챙길까 고민 돼,weather
이천 우산 챙겨야 하니,weather
날씨 어떠니 좋니,weather
광주 비 옷 입을까,weather
모레 전북 우비 입어야 하니,weather
우비 입을까,weather
광주 비 옷 입을까,weather
모레 전북 우비 입어야 하니,weather
우비 입을까,weather
모레 비 옷 입어야 하니,weather
우산 챙길까 말까,weather
양주 우산 챙길까,weather
울산 우산 챙길까 고민 돼,weather
이천 우산 챙겨야 하니,weather
날씨 어떠니 좋니,weather
광주 비 옷 입을까,weather
모레 전북 우비 입어야 하니,weather
우비 입을까,weather
모레 비 옷 입어야 하니,weather
우산 챙길까 말까,weather
양주 우산 챙길까,weather
울산 우산 챙길까 고민 돼,weather
이천 우산 챙겨야 하니,weather
날씨 어떠니 좋니,weather
모레 비 옷 입어야 하니,weather
고창 우산 챙길까 말까,weather
남원 우산 챙길까,weather
완주 우산 챙길까 고민 돼,weather
오산 우산 챙겨야 하니,weather
날씨 어떠니 좋니,weather
이천 이번 주 바람 부니,weather
서산 이번 주 눈 오려나,weather
완주 오늘 바람 불어,weather
다음 주 전주 비 오려나,weather
이번 주 서울 눈 오니,weather
이번 주 대구 바람 많이 부는지 알려줘,weather
부산 이번 주 바람 부니,weather
광주 이번 주 눈 오려나,weather
울산 이번 주 바람 불어,weather
이번 주 인천 날씨 눈 오니,weather
이번 주 전주 비 오는지 알려줄래,weather
이번 주 강릉 맑아,weather
이천 이번 주 바람 부니,weather
서산 이번 주 눈 오려나,weather
완주 오늘 바람 불어,weather
다음 주 전주 비 오려나,weather
이번 주 서울 눈 오니,weather
이번 주 대구 바람 많이 부는지 알려줘,weather
부산 이번 주 바람 부니,weather
광주 이번 주 눈 오려나,weather
울산 이번 주 바람 불어,weather
이번 주 인천 날씨 눈 오니,weather
이번 주 전주 비 오는지 알려줄래,weather
이번 주 강릉 맑아,weather
이천 이번 주 바람 부니,weather
서산 이번 주 눈 오려나,weather
완주 오늘 바람 불어,weather
다음 주 전주 비 오려나,weather
이번 주 서울 눈 오니,weather
이번 주 대구 바람 많이 부는지 알려줘,weather
부산 이번 주 바람 부니,weather
광주 이번 주 눈 오려나,weather
울산 이번 주 바람 불어,weather
이번 주 인천 날씨 눈 오니,weather
이번 주 전주 비 오는지 알려줄래,weather
이번 주 강릉 맑아,weather
부산 이번 주 바람 부니,weather
광주 이번 주 눈 오려나,weather
울산 이번 주 바람 불어,weather
이번 주 인천 날씨 눈 오니,weather
이번 주 전주 비 오는지 알려줄래,weather
이번 주 강릉 맑아,weather
부산 이번 주 바람 부니,weather
광주 이번 주 눈 오려나,weather
울산 이번 주 바람 불어,weather
이번 주 인천 날씨 눈 오니,weather
이번 주 전주 비 오는지 알려줄래,weather
이번 주 강릉 맑아,weather
부산 이번 주 바람 부니,weather
광주 이번 주 눈 오려나,weather
울산 이번 주 바람 불어,weather
이번 주 인천 날씨 눈 오니,weather
이번 주 전주 비 오는지 알려줄래,weather
이번 주 강릉 맑아,weather
부산 이번 주 바람 부니,weather
광주 이번 주 눈 오려나,weather
울산 이번 주 바람 불어,weather
이번 주 인천 날씨 눈 오니,weather
이번 주 전주 비 오는지 알려줄래,weather
전라북도 눈 오는지 알려줄래,weather
전라북도 비 오는지 알려줄 수 있니,weather
충청북도 비 올지 알려줄래,weather
충청도 비 올지 알아봐줘,weather
전라남도 눈 올지 알고싶어,weather
경기도 눈 오는지 알 수 있을까,weather
강원도 비 오는지 말해 줘주라,weather
전라도 비 오는지 말해 줄 수 있니,weather
전라남도 날씨 말해 줘주라,weather
전라남도 눈 오는지 알려줄래,weather
서울 비 올지 말해 줘봐,weather
경상북도 눈 오는지 알려줄 수 있니,weather
경기도 눈 오는지 알려주세요,weather
강원도 눈 올지 말해 줘줘,weather
경상도 눈 오는지 알아봐줘,weather
경기도 날씨 말해 줘주라,weather
충청도 눈 오는지 말해 줘줘,weather
충청도 날씨 말해 줘,weather
충청북도 비 올지 말해 줄 수 있니,weather
경상북도 날씨 말해 줘주라,weather
제주도 비 올지 알려주라,weather
전라북도 날씨 알려줘,weather
전라남도 비 오는지 말해 줘,weather
경상북도 날씨 부탁 합니다,weather
강원도 눈 오는지 알려주세요,weather
제주도 눈 오는지 알려주라,weather
충청도 비 오는지 말해 줘주세요,weather
충청남도 날씨 말해 줘봐,weather
제주도 비 올지 알려줄래,weather
전라남도 눈 올지 말해 줘주라,weather
충청남도 눈 오는지 말해 줘줘,weather
강원도 날씨 부탁 합니다,weather
서울 비 오는지 알 수 있을까,weather
강원도 눈 오는지 말해 줘줘,weather
경상남도 비 올지 알아봐줘,weather
충청남도 비 오는지 말해 줄 수 있니,weather
전라남도 날씨 알려주라,weather
충청도 눈 오는지 알려주라,weather
충청남도 비 올지 알아봐줘,weather
경상북도 눈 오는지 알려줘,weather
경상남도 비 올지 알려줄래,weather
경상북도 비 오는지 알려줘,weather
충청도 눈 올지 말해 줘주세요,weather
경상북도 비 오는지 알려줄 수 있니,weather
충청남도 날씨 알려줄 수 있니,weather
전라북도 비 오는지 말해 줘,weather
전라남도 눈 오는지 말해 줘줘,weather
제주도 비 올지 부탁 해,weather
충청도 눈 올지 알아봐줘,weather
전라남도 비 올지 알 수 있을까,weather
강원도 눈 올지 말해 줄 수 있니,weather
서울 날씨 알려주라,weather
전라도 눈 오는지 알려줄래,weather
충청남도 비 올지 부탁 해,weather
전라남도 눈 올지 알려줄래,weather
충청남도 날씨 알려주라,weather
경상도 비 올지 알고싶어,weather
경상북도 비 올지 말해 줘,weather
충청도 눈 오는지 말해 줘봐,weather
경상북도 눈 올지 알 수 있을까,weather
경상도 눈 오는지 부탁 해,weather
전라도 비 올지 말해 줘,weather
전라도 눈 오는지 말해 줘줘,weather
경상도 눈 오는지 알려주라,weather
충청도 눈 올지 말해 줘,weather
서울 눈 오는지 알고싶어,weather
전라남도 비 오는지 부탁 합니다,weather
전라북도 비 오는지 말해 줘줘,weather
서울 눈 오는지 알려줄래,weather
충청북도 눈 올지 말해 줘줘,weather
경상남도 비 올지 말해 줄 수 있니,weather
경상남도 비 올지 말해 줘,weather
경상북도 비 오는지 알고싶어,weather
제주도 눈 올지 말해 줄 수 있니,weather
충청북도 비 오는지 알 수 있을까,weather
전라북도 날씨 알려줄 수 있니,weather
제주도 눈 오는지 알려줘,weather
충청도 눈 올지 말해 줘주라,weather
전라북도 비 올지 알려줘,weather
충청북도 눈 올지 부탁 합니다,weather
충청남도 눈 오는지 알려주라,weather
서울 눈 올지 알려주세요,weather
경상도 비 오는지 부탁 해,weather
경기도 눈 오는지 알려주라,weather
경기도 눈 올지 부탁 합니다,weather
경상도 날씨 말해 줘봐,weather
전라북도 눈 오는지 알고싶어,weather
전라북도 눈 오는지 말해 줘주세요,weather
경상북도 비 올지 알고싶어,weather
강원도 비 오는지 알려줘,weather
충청북도 날씨 알려줄 수 있니,weather
전라북도 비 올지 말해 줘줘,weather
경상남도 눈 오는지 알려주라,weather
충청도 눈 오는지 부탁 해,weather
전라북도 날씨 말해 줘주세요,weather
강원도 비 올지 알려주세요,weather
그니까 용산 비 오는지 알려주세요,weather
그니까 의성 비 올지 알 수 있을까,weather
그니까 화천 눈 오는지 말해 줘,weather
그니까 영월 비 오는지 말해 줘,weather
그니까 단양 눈 오는지 말해 줘주세요,weather
아니 거창 비 오는지 알려줄 수 있니,weather
아니 포항 눈 올지 알려줘,weather
아니 공주 비 오는지 알 수 있을까,weather
아니 금산 눈 올지 말해 줘주라,weather
아니 이천 날씨 알려주라,weather
아니 수원 비 올지 알 수 있을까,weather
ㅇㅇ 나주 날씨 말해 줘,weather
ㅇㅇ 양주 눈 오는지 부탁 합니다,weather
ㅇㅇ 봉화 눈 오는지 알고싶어,weather
ㅇㅇ 포항 날씨 말해 줘줘,weather
ㅇㅇ 성주 눈 올지 말해 줘주라,weather
ㅇㅇ 하동 비 오는지 부탁 합니다,weather
그래 통영 눈 오는지 알려줄래,weather
그래 영주 눈 오는지 알고싶어,weather
그래 금산 비 올지 알려주세요,weather
그래 계룡 비 올지 알고싶어,weather
그래 신안 눈 오는지 말해 줄 수 있니,weather
그럼 봉화 비 오는지 말해 줘,weather
그럼 부안 비 올지 말해 줄 수 있니,weather
그럼 논산 눈 올지 말해 줘,weather
그럼 인제 비 올지 부탁 해,weather
그럼 울진 비 오는지 부탁 합니다,weather
그럼 부천 눈 오는지 알고싶어,weather
그러면 가평 비 오는지 부탁 합니다,weather
그러면 태안 눈 오는지 알려줘,weather
그러면 남양주 비 올지 말해 줘주세요,weather
그러면 여수 비 오는지 말해 줘주세요,weather
그러면 인제 비 올지 말해 줄 수 있니,weather
그러면 청양 눈 오는지 알려줄 수 있니,weather
그러면 광명 비 오는지 말해 줘,weather
서울 눈 올지 알려줄래,weather
전라도 비 올지 부탁 해,weather
전라남도 눈 오는지 말해 줘봐,weather
전라남도 비 오는지 알려줄래,weather
경상남도 눈 올지 알려줘,weather
경기도 날씨 알려주라,weather
제주도 눈 올지 말해 줘봐,weather
경상남도 날씨 알아봐줘,weather
서울 비 올지 알려줄 수 있니,weather
충청북도 눈 오는지 알고싶어,weather
경기도 비 올지 알고싶어,weather
서울 눈 올지 말해 줄 수 있니,weather
서울 비 올지 부탁 해,weather
경상북도 눈 올지 알려줘,weather
충청도 눈 올지 알 수 있을까,weather
제주도 비 오는지 알려줄래,weather
경상남도 비 올지 알고싶어,weather
충청도 눈 오는지 알려주세요,weather
경기도 눈 올지 말해 줘줘,weather
경기도 비 오는지 알고싶어,weather
경상북도 비 오는지 말해 줄 수 있니,weather
강원도 비 오는지 말해 줘봐,weather
제주도 날씨 알려줄래,weather
전라도 날씨 알려줄래,weather
전라남도 눈 오는지 알려주라,weather
전라북도 눈 올지 알아봐줘,weather
강원도 눈 오는지 알려줄래,weather
충청남도 날씨 부탁 합니다,weather
경상도 비 오는지 말해 줘주세요,weather
충청남도 눈 오는지 말해 줘주세요,weather
경상도 비 오는지 말해 줘,weather
충청북도 눈 올지 알려줘,weather
충청북도 비 오는지 부탁 합니다,weather
충청남도 비 오는지 말해 줘주라,weather
충청남도 눈 오는지 알려주세요,weather
전라도 눈 올지 말해 줘주라,weather
전라남도 비 올지 알려주세요,weather
강원도 눈 올지 부탁 해,weather
전라도 눈 올지 알아봐줘,weather
전라북도 비 올지 말해 줘주세요,weather
강원도 눈 올지 알고싶어,weather
충청도 비 올지 말해 줘주라,weather
경상도 비 오는지 알려주라,weather
강원도 비 올지 말해 줘봐,weather
경상도 비 오는지 말해 줘주라,weather
경기도 눈 오는지 말해 줘봐,weather
강원도 날씨 말해 줘,weather
충청남도 눈 올지 알고싶어,weather
전라남도 눈 오는지 말해 줘,weather
강원도 날씨 알려줄래,weather
경상남도 눈 오는지 말해 줄 수 있니,weather
경상남도 날씨 알려줄래,weather
전라북도 비 오는지 말해 줘봐,weather
전라북도 비 올지 알려줄 수 있니,weather
충청남도 눈 올지 말해 줘주라,weather
강원도 날씨 말해 줘줘,weather
경상도 날씨 말해 줘주세요,weather
경상남도 날씨 알려주세요,weather
경상남도 비 올지 알 수 있을까,weather
전라남도 비 오는지 알 수 있을까,weather
경상북도 비 오는지 말해 줘주라,weather
전라북도 눈 올지 말해 줘주세요,weather
경상도 눈 오는지 부탁 합니다,weather
제주도 비 오는지 말해 줄 수 있니,weather
전라도 눈 오는지 말해 줘,weather
전라남도 눈 올지 알려줘,weather
충청도 눈 오는지 알아봐줘,weather
경상도 눈 올지 알려주세요,weather
강원도 눈 오는지 알아봐줘,weather
강원도 눈 오는지 말해 줘주세요,weather
전라남도 비 오는지 알려줘,weather
강원도 날씨 알려주세요,weather
제주도 비 오는지 알려줘,weather
서울 눈 올지 말해 줘,weather
전라남도 비 올지 알고싶어,weather
강원도 눈 오는지 알려주라,weather
서울 비 올지 알 수 있을까,weather
경상북도 눈 올지 말해 줘,weather
경상도 날씨 알 수 있을까,weather
전주 우산 필요하냐,weather
부여 눈 오니,weather
나주 날씨 맑을까,weather
괴산 날씨 덥냐,weather
태백 우산 챙길까,weather
무주 날씨 추울까,weather
용산 덥니,weather
화천 우산 가져가야하니,weather
진도 더울까,weather
횡성 날씨,weather
단양 날씨 어떠냐,weather
충주 추울까,weather
보성 더울까,weather
속초 비 올까,weather
함안 날씨 춥냐,weather
태백 날씨 흐릴까,weather
영덕 맑을까,weather
군산 우산 써야 할까,weather
청양 눈 올까,weather
하동 흐리냐,weather
옥천 비 올까,weather
봉화 날씨 덥니,weather
장수 날씨 좋니,weather
거제 날씨 흐릴까,weather
경산 날씨 추울까,weather
하남 눈 오니,weather
계룡 비오냐,weather
남양주 눈 오니,weather
영양 맑을까,weather
담양 우산 가져갈까,weather
거제 눈 오니,weather
남양주 날씨 더울까,weather
양구 우산 필요할까,weather
익산 맑냐,weather
여주 날씨 흐리니,weather
시흥 날씨 맑냐,weather
속초 날씨 덥니,weather
평창 덥니,weather
광명 날씨 덥냐,weather
남해 흐리냐,weather
성주 날씨 춥냐,weather
화천 우산 가져갈까,weather
홍성 우산 필요하냐,weather
청송 우산 가져갈까,weather
김천 날씨 흐릴까,weather
울릉 춥냐,weather
문경 우산 필요해,weather
봉화 춥냐,weather
남양주 날씨 흐리냐,weather
나주 날씨,weather
파주 날씨 더울까,weather
전주 맑을까,weather
부천 날씨 좋니,weather
영광 눈 오니,weather
용산 우산 필요할까,weather
문경 비오냐,weather
청주 날씨 덥냐,weather
연천 날씨 어때,weather
경주 날씨 흐리니,weather
함양 우산 가져갈까,weather
보은 날씨 맑을까,weather
사천 우산 가져가야하니,weather
인제 날씨 좋니,weather
인제 날씨 흐릴까,weather
거창 비오니,weather
군산 날씨 더울까,weather
영월 더울까,weather
음성 날씨 좋니,weather
부안 덥니,weather
신안 비 올까,weather
의령 날씨 어떠니,weather
담양 우산 쓸까,weather
거제 날씨 어떠니,weather
의령 우산 챙겨야해,weather
제주 우산 챙겨야해,weather
곡성 덥니,weather
영암 춥냐,weather
강진 흐리니,weather
동해 우산 써야 할까,weather
남양주 우산 써야 할까,weather
양산 날씨 덥니,weather
청주 맑냐,weather
수원 덥니,weather
문경 우산 필요하니,weather
영동 날씨 맑니,weather
무안 우산 필요하냐,weather
산청 날씨 어때,weather
나주 날씨 어떠니,weather
장흥 우산 가져갈까,weather
서천 우산 필요하니,weather
포천 날씨 어때,weather
천안 눈 올까,weather
동두천 흐리니,weather
봉화 우산 써야하니,weather
단양 날씨 어때,weather
청양 우산 가져갈까,weather
부여 날씨 추울까,weather
안산 날씨 흐릴까,weather
양구 날씨 맑을까,weather
영동 날씨 추울까,weather
진주 우산 챙겨야 할까,weather
여주 더울까,weather
보성 날씨 날씨,weather
장흥 날씨 덥냐,weather
삼척 비 올까,weather
구례 흐리냐,weather
단양 우산 써야하니,weather
사천 우산 챙겨야해,weather
울릉 비오니,weather
홍천 흐리냐,weather
춘천 날씨 맑니,weather
밀양 추울까,weather
장성 춥냐,weather
진도 날씨 흐리냐,weather
영덕 비오니,weather
고흥 우산 챙길까,weather
진천 날씨 흐릴까,weather
양산 날씨 덥냐,weather
구미 비오니,weather
용인 날씨 어떠냐,weather
대구 맑을까,weather
남해 우산 필요하냐,weather
김제 날씨 어떠니,weather
철원 흐릴까,weather
영주 우산 가져갈까,weather
연천 맑냐,weather
구리 날씨 덥니,weather
하동 춥냐,weather
경산 날씨 더울까,weather
완도 우산 필요할까,weather
당진 우산 필요하니,weather
산청 날씨 날씨,weather
하남 우산 챙겨야 할까,weather
횡성 맑니,weather
대구 날씨 어떠니,weather
여주 비 올까,weather
해운대 덥냐,weather
무주 춥냐,weather
청도 흐리냐,weather
목포 우산 가져갈까,weather
과천 날씨 어때,weather
창녕 우산 챙겨야 할까,weather
원주 우산 챙길까,weather
양주 날씨 어때,weather
논산 흐릴까,weather
보은 우산 챙길까,weather
논산 날씨 흐리니,weather
창녕 우산 필요하냐,weather
울진 우산 가져가야하니,weather
부안 우산 챙길까,weather
일산 날씨 더울까,weather
평창 날씨 추울까,weather
남양주 날씨 어떠니,weather
보은 날씨 흐리냐,weather
영양 날씨 어때,weather
성남 날씨 어떠니,weather
장성 비오니,weather
성남 날씨 덥냐,weather
구리 눈 오냐,weather
고령 비 올까,weather
화순 날씨 흐리냐,weather
함안 날씨 맑을까,weather
해운대 날씨,weather
고령 맑냐,weather
횡성 눈 오니,weather
예천 우산 필요하니,weather
상주 우산 써야하니,weather
남해 날씨 어떠니,weather
임실 날씨 춥냐,weather
예산 흐릴까,weather
양주 우산 필요하냐,weather
하남 눈 오냐,weather
속초 우산 가져갈까,weather
김포 눈 올까,weather
남원 흐리냐,weather
성주 우산 가져갈까,weather
남해 추울까,weather
청양 흐리니,weather
이천 날씨 어때,weather
삼척 맑냐,weather
홍천 우산 챙겨야 할까,weather
수원 눈 오니,weather
안양 날씨 날씨,weather
양산 날씨 맑냐,weather
삼척 날씨 흐리니,weather
고양 눈 오니,weather
거제 날씨 어때,weather
영천 우산 챙길까,weather
보은 우산 가져가야하니,weather
오산 흐리냐,weather
증평 우산 필요하니,weather
영동 우산 가져가야하니,weather
평창 흐리냐,weather
담양 흐리니,weather
거창 우산 필요하냐,weather
순창 날씨 맑냐,weather
남원 우산 써야 할까,weather
봉화 날씨 흐릴까,weather
충주 흐리니,weather
청도 덥니,weather
산청 날씨 덥니,weather
청양 날씨,weather
무안 우산 써야하니,weather
영양 덥니,weather
논산 날씨 어떠냐,weather
인제 날씨 덥냐,weather
의왕 날씨 맑니,weather
구미 날씨 어떠냐,weather
무주 흐리냐,weather
함양 눈 올까,weather
함평 비 올까,weather
시흥 우산 필요해,weather
청도 날씨 흐릴까,weather
거제 우산 쓸까,weather
금산 날씨 맑냐,weather
의정부 날씨 좋니,weather
예천 비오니,weather
충주 우산 필요하니,weather
삼척 춥냐,weather
안양 눈 오니,weather
거제 날씨 날씨,weather
아산 눈 오니,weather
김해 우산 챙겨야 할까,weather
증평 날씨 어떠니,weather
금산 추울까,weather
무안 눈 올까,weather
논산 덥냐,weather
괴산 우산 필요하냐,weather
김제 눈 오냐,weather
충주 날씨 어떠냐,weather
청주 날씨 어때,weather
해운대 비 올까,weather
광주 날씨 덥냐,weather
안성 흐리니,weather
보령 춥냐,weather
양주 맑냐,weather
시흥 우산 필요하냐,weather
구리 날씨 덥냐,weather
영광 날씨,weather
김해 비오니,weather
여수 날씨,weather
고창 우산 챙길까,weather
김제 날씨 추울까,weather
의정부 날씨 더울까,weather
의왕 눈 오냐,weather
익산 날씨 흐리냐,weather
광주 날씨 흐리냐,weather
의령 춥냐,weather
고령 춥냐,weather
거창 추울까,weather
함평 춥냐,weather
일산 날씨 흐릴까,weather
춘천 비오니,weather
고흥 흐릴까,weather
완주 날씨 맑냐,weather
남해 비오니,weather
신안 우산 써야 할까,weather
성주 우산 챙겨야 할까,weather
화순 덥니,weather
고흥 맑니,weather
용산 눈 오냐,weather
상주 비 올까,weather
영월 우산 필요할까,weather
신안 흐리냐,weather
미추홀 우산 챙길까,weather
안동 날씨 맑을까,weather
무안 날씨 어떠냐,weather
김천 우산 써야 할까,weather
부안 날씨 좋니,weather
영월 우산 필요하니,weather
사천 우산 필요하냐,weather
당진 날씨,weather
양구 비 올까,weather
단양 우산 써야 할까,weather
평택 비오냐,weather
영월 날씨 어떠니,weather
홍천 비오냐,weather
동해 덥니,weather
거창 덥냐,weather
문경 날씨 덥냐,weather
당진 추울까,weather
파주 우산 챙겨야해,weather
의령 우산 챙길까,weather
고령 날씨 맑냐,weather
울진 맑냐,weather
거제 우산 가져갈까,weather
음성 우산 가져갈까,weather
남해 눈 오니,weather
남원 덥니,weather
삼척 비오냐,weather
경주 날씨 추울까,weather
삼척 날씨 흐리냐,weather
곡성 우산 써야 할까,weather
화성 덥냐,weather
금산 우산 써야 할까,weather
김포 우산 쓸까,weather
합천 비오냐,weather
안양 날씨 덥니,weather
부여 우산 쓸까,weather
강진 우산 필요할까,weather
광주 우산 써야 할까,weather
남해 맑을까,weather
고창 맑니,weather
날씨 궁금해,weather
지금 날씨 어떤데,weather
저기 날씨 어때,weather
날씨 완전 문젠데,weather
전주 날씨 시원할까,weather
시원한 날씨니,weather
전주 날씨 한 번 알려줘,weather
모레 날씨 궁금해,weather
날씨 궁금해요,weather
날씨 어떨까,weather
하늘 우박 떨어지네,weather
지금 날씨 어때,weather
체감날씨 좀 알려줄래,weather
궁금해 체감날씨,weather
어때 좀 체감온도,weather
화요일 근데 온도 어떠려나,weather
해 떴니 지금,weather
하늘 해 떴니 지금,weather
날씨 어때 지금,weather
날씨 알려주세요,weather
아 온도 흐리네,weather
어떤데 온도,weather
온도 알려줬으면 졸겠어,weather
천둥 치나,weather
하늘 구름 많네,weather
화요일 여행갈건데 온도 알려줘,weather
온도 궁금하네,weather
모레 맑니,weather
화요일 해 뜰까,weather
온도 많이 흐리려나,weather
알려주세요 온도,weather
구름 꼈나,weather
구름 끼었나,weather
지금 하늘 구름 많니,weather
온도 알려주세요 궁금해요,weather
맑으려나 화요일,weather
기상상태 궁금해서,weather
비 안 내려야 하는데,weather
기상상태 따뜻하려나,weather
날씨 따뜻하겠지,weather
부천 현재 바람 시원하니,weather
날씨 알려주세요,weather
화요일 맑겠지,weather
서울 다음 주 기상상태 알려줄래요,weather
부안 기상상태 어떻게 돼,weather
모레 서천 기상상태 좀 알려줄수 있니,weather
화요일 기상상태 영덕 알려줄수 있어,weather
이번 주 날씨 기상상태 알려줄래,weather
구암 다음 주 기상상태 알려줘,weather
이번 주 영등포 기상상태 줘,weather
구로 다음 주 기상상태 알려줄래,weather
일산 기상상태 어떻게 돼요,weather
모레 안암 기상상태 좀 알려줄수 있니,weather
목요일 기상상태 알려줄수 있어,weather
이번 주 홍대 기상상태 알려줄래,weather
남구 다음 주 날씨 알려줘,weather
이번 주 보령 날씨 줘,weather
하늘 맑을까,weather
하늘 비 내리니,weather
지금 온도 많이 덥니,weather
많이 덥니,weather
날씨 많이 더울까,weather
알려줘 날씨,weather
목요일 우산 챙길까,weather
우산 써야하나,weather
이번 주 날씨 많이 덥니,weather
목요일 비오겠지,weather
헉 혹시 더울까,weather
목요일 혹시 시원할까,weather
바람 살랑살랑 부니,weather
날씨 날씨,weather
목요일 추울까,weather
춥겠지 아마,weather
비 떨어지려나,weather
모레 비 오나,weather
온도 알려줘,weather
목요일 추울까,weather
추울까,weather
혹시 목요일 비오나 우산 챙길까,weather
우산 필요하니,weather
목요일 우산 필요할까,weather
부천 날씨 시원하려나,weather
우산 챙겨야하나 모르겠네,weather
밀양 추우면 안되는데,weather
맑을까 그 때,weather
혹시 비 오니,weather
그 때 혹시 추울까,weather
나 목요일 여행가는데 날씨 알려줘,weather
그 때 혹시 흐리니,weather
하늘 흐리니,weather
눈 오려나,weather
구름 꼈니,weather
강남 하늘 흐릴까,weather
우박 떨어질까,weather
그 때 하늘 어떠려나,weather
하늘 많이 흐리니 그 날,weather
먹구름 어떨 것 같아,weather
이번 주 맑겠지,weather
많이 더우면 안될텐데,weather
다음 주 날씨 알려줘,weather
목요일 먹구름 흐릴까,weather
목요일 혹시 서대문구 비 오려나,weather
모레 비오니,weather
군산 우박 오려나,weather
추울까 정말,weather
비올까,weather
금요일 눈오겠지 아마,weather
금요일 눈 오면 안되는데,weather
혹시 눈 안오겠지,weather
의정부 눈올까,weather
금요일 우산 필요해,weather
우산 쓸까,weather
금요일 우산 챙길까 말까,weather
먹구름 궁금한데 알려주겠니,weather
혹시 먹구름 알려줘,weather
금요일 동두천 먹구름 궁금해요,weather
금요일 먹구름 궁금해,weather
구름 많이 끼고 추우려나,weather
서울 날씨 알려주겠니,weather
부산 날씨 정보 알려주세요,weather
혹시 그 때 대구 날씨 어떨까,weather
그 때 대전 날씨 좋겠지,weather
날씨 어떨 것 같은데,weather
울산 날씨 어떨까요,weather
송파구 날씨 어때요,weather
덕진구 체감 날씨 말해주겠니,weather
청주 날씨 어떠니,weather
모레 전주 날씨 알려줘,weather
날씨 어떠려나,weather
그럼 구리 날씨 어떨까,weather
창원 날씨 궁금해서 물어봤어요,weather
경기도 날씨 알려주세요,weather
날씨 어떠려나,weather
체감 날씨 어떠려나,weather
날씨 어떠려나,weather
모레 날씨 알려주겠니,weather
날씨 궁금해,weather
지금 날씨 어떤데,weather
저기 북구 날씨 어때,weather
지금 인천 날씨 완전 문젠데,weather
완주 모레 동대구 날씨 궁금해,weather
날씨 궁금해요,weather
완산구 지금 우박 떨어진다네,weather
지금 날씨 어때,weather
송파구 날씨 좀 알려줄래,weather
궁금해 부천 날씨,weather
어때 좀 안산 날씨,weather
금요일 근데 원주 날씨 어떠려나,weather
울산 지금 해 떴니,weather
하늘 해 떴니 지금,weather
광주 날씨 알려주세요,weather
어떤데 날씨,weather
날씨 알려줬으면 졸겠어,weather
평창 날씨 알려줘,weather
모레 천둥 치나,weather
금요일 여행갈건데 날씨 알려줘,weather
날씨 궁금하네,weather
모레 맑니,weather
금요일 해 뜰까,weather
알려주세요 춘천 날씨,weather
광주 북구 날씨 어떠려나,weather
날씨 알려주세요 궁금해요,weather
그 날 바람 많이 불겠지,weather
맑으려나 금요일,weather
온도 궁금해서,weather
비 안 내려야 하는데,weather
무주 날씨 알려주세요,weather
금요일 맑겠지,weather
완전 덥겠다,weather
하늘 맑을까,weather
하늘 비 내리니,weather
지금 남원 온도 많이 덥니,weather
지금 남부 지방 많이 쌀쌀할까,weather
온도 많이 더울까,weather
알려줘 은평구 온도,weather
노원구 온도 궁금하네,weather
토요일 우산 챙길까,weather
진짜 영덕 그 때 더울까,weather
임실 토요일 혹시 우산 써야하나,weather
이번 주 온도 많이 덥니,weather
토요일 비오겠지,weather
홍대 혹시 더울까,weather
서울 날씨,weather
구름 껴서 흐린가,weather
춥진 않겠지,weather
너무 춥지 않으려나,weather
우산 아마 챙겨야겠지,weather
해운대 토요일 비올까,weather
오수 춥겠지 아마,weather
그 떄 하늘 흐릴까,weather
비 떨어지려나,weather
온도 알려줘,weather
서귀포 토요일 추울까,weather
바람 불면 안되는데,weather
제주 많이 추울까,weather
바람 너무 세게 부나,weather
혹시 토요일 비오나 우산 챙길까,weather
여수 지금 우산 필요하니,weather
순천 토요일 우산 필요할까,weather
우산 챙겨야하나 모르겠네,weather
추우면 안되는데,weather
건대 입구 맑을까 그 때,weather
혹시 비 오니,weather
그 때 혹시 추울까,weather
나 토요일 여행가는데 온도 알려줘,weather
그 때 혹시 흐리니,weather
하늘 흐리니,weather
지금 바람 부나,weather
눈 오려나,weather
이번 주 흐릴까,weather
우박 떨어질까,weather
그 때 하늘 어떠려나,weather
하늘 많이 흐리니 그 날,weather
온도 어떨 것 같아,weather
이번 주 맑겠지,weather
많이 더우면 안될텐데,weather
다음 주 날씨 알려줘,weather
토요일 온도 흐릴까,weather
바람 많이 부니,weather
영월 바람 많이 부려나,weather
토요일 혹시 비 오려나,weather
모레 비오니,weather
우박 오려나,weather
1월 1일 비 오나요,weather
2월 12일 쌀쌀하려나,weather
3월 3일 쌀쌀한가,weather
4월 14일 비 오나요,weather
5월 5일 추워서 쌀쌀한가,weather
8일 호성동 온도 알려줘,weather
6월 22일 비 오나요,weather
12월 11일 더워서 어떠려나,weather
3월 2O일 온도 비 와,weather
7월 4일 눈 와,weather
3월 17일 전주 하늘 맑니,weather
4월 12일 온도 흐려서 안 되겠다,weather
이번 주 월요일 맑니,weather
2월 1O일 온도 맑니,weather
경주 이번 주 드디어 맑아,weather
4월 11일 눈 오나요,weather
2월 2O일 온도 비 와,weather
8월 4일 눈 와,weather
1O월 16일 온도 맑니,weather
이번 주 목요일 맑니,weather
11월 6일 청원 온도 맑니,weather
이천 이번 주 흐리려나 하늘,weather
비 올까,weather
토요일 오산 눈오겠지 아마,weather
토요일 눈오니,weather
혹시 눈 안오겠지,weather
그 날 비와서 힘들겠지,weather
눈 올까,weather
약속 잡았는데 비 오네,weather
토요일 진주 우산 필요해,weather
우산 쓸까 말해줘,weather
울릉도 토요일 우산 챙길까 말까,weather
날씨 궁금한데 알려주겠니,weather
혹시 날씨 알려줘,weather
인천 토요일 날씨 궁금해요,weather
토요일 날씨 궁금해,weather
일요일 맑겠지,weather
이천 하늘 맑을까,weather
화순 하늘 비 내리니,weather
지금 남원 온도 많이 덥니,weather
지금 남부 지방 많이 덥니,weather
날씨 많이 더울까,weather
노원구 날씨 궁금하네,weather
이따가 우산 챙길까,weather
이태원 우산 써야하나,weather
이번 주 날씨 많이 덥니,weather
일요일 비오겠지,weather
모레 날씨 알려주세요,weather
혹시 이따 날씨 좀 알려줄래요,weather
일요일 날씨 알려주세요,weather
저번 주 날씨 말해주세요,weather
이번 주 날씨 바람 부니,weather
날씨 어떠냐,weather
지금 어떤데 날씨,weather
다음 주 광명 날씨 알려주세요,weather
지금 평택 날씨 알려주세요,weather
이번 주 광주 날씨 말해주라,weather
일요일 부산 날씨,weather
일요일 대구 날씨 말해,weather
이따 대전 날씨 말해줘,weather
모레 날씨 뭐야,weather
일요일 부산 날씨 말해주라,weather
부산 날씨,weather
경북 일요일 날씨 어때,weather
익산 날씨 어떨 것 같은지 말해줘,weather
2월 2O일 날씨 알려주겠니,weather
1월 3O일 날씨 정보 알려주세요,weather
6월 그 때 날씨 어떨까,weather
8월 그 때 날씨 좋으려나,weather
호성동 날씨 어떨 것 같은데,weather
덕진동 날씨 어때,weather
송천동 날씨 말해줄래,weather
나운동 날씨 어떠니,weather
미룡동 구름 많이 꼈나,weather
조촌동 날씨 어떠냐,weather
금천구 야 날씨 어때,weather
노원구 모레 날씨 알려줬으면,weather
5월 5일 날씨 어떠려나,weather
4월 8일 음성 날씨 어떤지 말해달라고,weather
1월 11일 날씨 궁금해서 물어봤는데,weather
2월 28일 날씨 좀 알려주세요,weather
오늘 수원 날씨 어떠려나,weather
고양시 체감 날씨 어떠려나,weather
용인 오늘 날씨 알려주겠니,weather
성남 날씨 궁금해,weather
부천 현재 날씨 어떤데,weather
화성 날씨 어때,weather
남양주 날씨 완전 문젠데,weather
세종 날씨 한 번 알려줘,weather
천안 모레 날씨 궁금해,weather
안산 날씨 궁금해요,weather
안양 날씨 어떨까,weather
김해 날씨 어때,weather
평택 현재 날씨 어때,weather
파주 날씨 좀 알려줄래,weather
궁금해 의정부 날씨,weather
어때 김포 날씨,weather
일요일 근데 구미 날씨 어떠려나,weather
양산 해 떴니 현재,weather
원주 하늘 해 떴니 현재,weather
진주 날씨 어때 현재,weather
세종 날씨 알려주세요,weather
아 광명 날씨 흐리네,weather
어떤데 아산 날씨,weather
익산 날씨 알려줬으면 졸겠어,weather
춘천 현재 천둥 치나,weather
경산 하늘 구름 많네,weather
일요일 군포 여행갈건데 날씨 알려줘,weather
하남 날씨 궁금하네,weather
오늘 여수 맑니,weather
일요일 경주 해 뜰까,weather
거제도 날씨 많이 흐리려나,weather
목포 알려주세요 날씨,weather
이천 구름 꼈나,weather
강릉 구름 끼었나,weather
양주 현재 하늘 구름 많니,weather
충주 날씨 알려주세요 맑나요,weather
안성 맑으려나 일요일,weather
서산 날씨 궁금해서,weather
구리 내일 비 안 내려야 하는데,weather
서귀포 날씨 알려주세요,weather
당진 내일 맑겠지,weather
안동 다음 주 날씨 알려줄래요,weather
포천 날씨 어떻게 돼,weather
오늘 의왕 날씨 좀 알려줄수 있니,weather
내일 날씨 광양 알려줄수 있어,weather
이번 주 제천 날씨 알려줄래,weather
논산 다음 주 날씨 알려줘,weather
이번 주 칠곡 날씨 줘,weather
여주 다음 주 날씨 알려줄래,weather
정읍 날씨 어떻게 돼요,weather
오늘 음성군 날씨 좀 알려줄수 있니,weather
이번 주 공주 날씨 알려줄래,weather
완주 다음 주 날씨 알려줘,weather
이번 주 상주 날씨 줘,weather
영천 내일 하늘 맑을까,weather
동해 오늘 비 내리니,weather
김제 현재 날씨 많이 덥니,weather
무안 많이 덥니,weather
진천 날씨 많이 더울까,weather
예산군 날씨 알려줘,weather
문경 내일 우산 챙길까,weather
속초 모레 우산 써야하나,weather
이번 주 삼척 날씨 많이 덥니,weather
홍천 내일 비오겠지,weather
해남 혹시 더울까,weather
창녕 날씨 날씨,weather
내일 태안 추울까,weather
고흥 춥겠지 아마,weather
화순 비 떨어지려나,weather
거창 월요일 비 오나,weather
가평 날씨 알려줘,weather
내일 고창 추울까,weather
서천 추울까,weather
혹시 내일 금산 비오나 우산 챙길까,weather
부안 월요일 우산 필요하니,weather
내일 옥천 우산 필요할까,weather
영광 우산 챙겨야하나 모르겠네,weather
울진 추우면 안되는데,weather
완도 맑을까 그 때,weather
혹시 담양 이번 주 비 오니,weather
그 때 횡성 혹시 추울까,weather
나 내일 계룡 여행가는데 날씨 알려줘,weather
그 때 혹시 흐리니,weather
장성 하늘 흐리니,weather
청도 이따가 눈 오려나,weather
괴산 구름 꼈니,weather
강남 하늘 흐릴까,weather
함양 월요일 비 내리나,weather
그 때 하늘 어떠려나,weather
증평 하늘 많이 흐리니 그 날,weather
영월 날씨 어떨 것 같아,weather
이번 주 장흥 맑겠지,weather
영덕 많이 더우면 안될텐데,weather
다음 주 정선 날씨 알려줘,weather
내일 강진 날씨 흐릴까,weather
내일 혹시 보은 비 오려나,weather
월요일 인제 비오니,weather
진도 우박 오려나,weather
군산 날씨 추울까 정말,weather
곡성 비올까,weather
내일 단양 눈 오겠지 아마,weather
내일 순창 눈 오면 안되는데,weather
혹시 의령 눈 안오겠지,weather
양양 의정부 눈올까,weather
내일 화천 우산 필요해,weather
청송 우산 쓸까,weather
내일 구례 우산 챙길까 말까,weather
무주 날씨 궁금한데 알려주겠니,weather
진안 혹시 날씨 알려줘,weather
내일모레 양구 날씨 맑나요,weather
내일모레 군위 날씨 궁금해,weather
장수 구름 많이 끼고 추우려나,weather
영양 날씨 알려주겠니,weather
울릉 날씨 정보 알려주세요,weather
혹시 그 때 종로구 날씨 어떨까,weather
혹시 날씨 시원할까,weather
그 때 관악구 날씨 좋겠지,weather
서초구 날씨 어떨 것 같은데,weather
강동구 날씨 어떨까요,weather
도봉구 날씨 어때요,weather
중랑구 체감 날씨 말해주겠니,weather
청주 날씨 어떠니,weather
월요일 용산구 날씨 알려줘,weather
마포구 날씨 어떨까,weather
그럼 강남 날씨 어떨까,weather
강동 날씨 어떤지 좀 말해줘,weather
동작구 날씨 궁금해서 물어봤어요,weather
경상도 날씨 알려주세요,weather
경남 날씨 어떠려나,weather
전북 체감 날씨 어떠려나,weather
전남 날씨 어떠려나,weather
월요일 전북 날씨 알려주겠니,weather
영등포 날씨 궁금해,weather
현재 양천구 날씨 어떤데,weather
저기 마포구 날씨 어때,weather
현재 성북구 날씨 완전 문젠데,weather
중랑구 날씨 궁금해,weather
용산구 날씨 맑나요,weather
종로구 현재 우박 떨어진다네,weather
현재 날씨 어때,weather
송파구 날씨 좀 알려줄래,weather
궁금해 마포구 날씨,weather
상당구 날씨 궁금해,weather
중구 날씨 알려줘,weather
가평군 날씨 어떨까,weather
고양시 덕양구 날씨 알려줘,weather
광명시 날씨 궁금해,weather
구리시 날씨 어때,weather
군포시 날씨 어때,weather
화성시 날씨 어떨까,weather
하남시 날씨 궁금해서 물어볼게,weather
이천시 날씨 어때,weather
연천군 날씨 어떨까,weather
내일모레 마포구 날씨 알려줘,weather
내일 합정동 날씨 알려줘,weather
안성시 날씨 어때,weather
양주시 날씨 궁금해,weather
동두천시 날씨 알려줘,weather
수원시 팔달구 날씨 어떨까,weather
내일 안성시 날씨 알려줘,weather
부산 강서구 날씨 알려줘,weather
금정구 날씨 어때,weather
월요일 동래구 날씨 알려줘,weather
내일 북구 날씨 어때,weather
해운대구 날씨 어떠려나,weather
사하구 날씨 알려줘,weather
미추홀구 날씨 알려줘,weather
연수구 날씨 뭐야,weather
인천 서구 날씨 알려줘,weather
월요일 부평구 날씨 어때,weather
계양구 날씨 알려줘,weather
울산 북구 날씨 어때,weather
강릉시 날씨 알려줘,weather
속초시 날씨 어때,weather
내일 서초구 날씨 어때,weather
영월군 날씨 맑나요,weather
원주 날씨 맑나요,weather
홍천군 날씨 궁금해,weather
화천군 날씨 물어볼게,weather
내일모레 제천시 날씨 알려줘,weather
증평 날씨 알려줘,weather
진천군 날씨 궁금해,weather
청주시 흥덕구 날씨 알려줘,weather
계룡 날씨 알려줘 월요일,weather
논산시 날씨 알려줘,weather
태안군 날씨 알려줘,weather
봉화 날씨 알려줘,weather
구미시 날씨 어때,weather
내일 영천시 날씨 알려줘,weather
내일 울진군 날씨 알려줘,weather
오늘 의성군 날씨 궁금해,weather
거제시 날씨 어때,weather
고성군 날씨 어때,weather
창녕군 날씨 알려줘,weather
수요일 함안군 날씨 어때,weather
합천군 날씨 알려줘,weather
제주시 날씨 알려줘,weather
수요일 영덕 근처 날씨 어때,weather
오늘 경주 근처 날씨 어때,weather
오늘 밀양 근처 날씨 어때,weather
수요일 을왕리 날씨 어때,weather
수요일 통영 가는데 날씨 알려줘,weather
해운대 가는데 날씨 어때,weather
곡성 가려는데 날씨 어때,weather
구례 가려는데 날씨 어때,weather
전남 여수 가려는데 날씨 궁금해,weather
고흥 가려는데 날씨 어떠니,weather
진도 가는데 날씨 알려줄래,weather
해남 가려는데 날씨 어때,weather
강진 가려는데 날씨 궁금해,weather
서울 가려는데 날씨 궁금해,weather
대구 가는데 날씨 어떠니,weather
장흥 가는데 날씨 궁금해,weather
영암 가는데 날씨 궁금해,weather
신안 가는데 날씨 궁금해,weather
영광 가는데 날씨 알려줘,weather
완주 가는데 날씨 어때,weather
여의도 가는데 오늘 날씨 어때,weather
수요일 부안 가는데 날씨 궁금해,weather
김제 여행 가는데 날씨 알려줘,weather
가락동 여행 가는데 날씨 알려줘,weather
익산 여행 가는데 날씨 알려줘,weather
신수동 여행 가는데 날씨 알려줄래,weather
개봉동 여행 가는데 날씨 맑나요,weather
삼성동 여행 가는데 날씨 궁금해,weather
수요일 논현동 가려는데 날씨좀 알려줘,weather
수요일 상암동 가려는데 날씨 어때,weather
방배동 가려는데 오늘 날씨 알려줘,weather
수요일 군산 가려는데 날씨 알려줘,weather
울릉도 가려는데 수요일 날씨 알려줘,weather
독도 가려는데 수요일 날씨 궁금해,weather
서천 가려는데 수요일 날씨 어때,weather
ㅎㅎ 강화도 가려는데 오늘 날씨 맑나요,weather
안면도 가려는데 ㅋㅋ 오늘 날씨 알려줄래,weather
백령도 가려는데 수요일 날씨 알려주세요,weather
흑산도 가려는데 오늘 날씨 어때,weather
태안 가려는데 오늘 날씨 어때요,weather
나 월요일 오산 가는데 날씨 궁금해,weather
그럼 화성 가는데 수요일 날씨 알려줘,weather
안산 가려는데 수요일 날씨 맑나요,weather
수요일 안양 날씨 알려줘,weather
마지막 오늘 경기 광주 날씨 알려줘,weather
야야 금요일 금오도 날씨 맑나요,weather
오늘 양주 날씨 알려줄래,weather
수요일 포천 날씨 알려줘,weather
아 목요일 연천 날씨 알려줘,weather
의정부 오늘 날씨 알려줘,weather
선유도 오늘 날씨 알려줘,weather
수요일 우도 가는데 날씨 알려줘,weather
오늘 대구 날씨 알려줘,weather
수원 오늘 날씨 궁금해,weather
경북 영월 수요일 날씨 알려줘,weather
오산 화요일 날씨 알려줄래,weather
함평 오늘 날씨 알려줘,weather
강원도 춘천 가는데 오늘 날씨 알려줘,weather
전북 군산 가는데 화요일 날씨 알려줄래,weather
제주 서귀포 가려는데 화요일 날씨 알려줘,weather
오늘 제주도 날씨 알려줘,weather
울릉도 화요일 날씨 어때,weather
그럼 이제 우도 화요일 날씨 알려줘,weather
오늘 인천 가려는데 날씨 알려줄래,weather
평택 가려는데 오늘 날씨 어때,weather
해남 가는데 오늘 날씨 맑나요,weather
전남 목포 가려는데 화요일 날씨 궁금해요,weather
안산 가는데 오늘 날씨 어때,weather
화요일 경기 부천 날씨 알려줘,weather
청주 가는데 모레 날씨 어때,weather
화요일 경기 광주 날씨 알려줘,weather
그럼 다음 주 전주 비 오려나,weather
이번 주 서울 여행 가는데 눈 오니,weather
아마 이번 주 대구 날씨 비 오는지 알려줘,weather
그럼 부산 이번 주 날씨 맑은지 알려줄래,weather
ㅋㅋㅋ 아 광주 비 오나,weather
아니 ㅋㅋㅋ 광주 비 오냐고,weather
야 ㅎㅎ 울산 수요일 비 오려나,weather
나 아마 내일 서울 가는데 날씨 알려줘,weather
아니 광주 가는데 이번 주 눈 오려나,weather
하 울산 갈 건데 이번 주 비 오니,weather
그럼 이번 주 인천 날씨 눈 오니,weather
친구 이번 주 전주 비 오는지 알려줄래,weather
이번 달 이따가 강릉 맑아,weather
그럼 이번 주 대구 날씨 알려줘,weather
아니 이번 주 속초 날씨 맑니,weather
ㅋㅋ 이번 주 과천 눈 오니,weather
ㅋㅋㅋ 이번 주 군산 비 오니,weather
다음 주 ㅎㅎ 전주 날씨 알려줘,weather
그럼 이번 주 부산 날씨 알려줘,weather
그럼 이제 이번 주 광주 날씨 알려줘,weather
아 참 이번 주 울산 날씨 알려줘,weather
알려주라 이번 주 날씨 부산,weather
참 맞다 진도 비오냐,weather
아이고 이번 주 인천 날씨 알려줘,weather
그러면 이번 주 전주 날씨 알려줘,weather
저기 이번 주 강릉 날씨 알려줘,weather
그럼 이번 주 속초 날씨 알려줘,weather
마지막 이번 주 과천 날씨 알려줘,weather
제발 이번 주 군산 날씨 알려줘,weather
이번 주 금암동 날씨 어떨지 알려주겠니,weather
이번 주 창포길 날씨 맑을까,weather
이번 주 부산 날씨 알려줘,weather
이번 주 구리 날씨 알려줘,weather
이번 주 오산 날씨 알려줘,weather
이번 주 인제 날씨 알려줘,weather
이번 주 대전 날씨 알려줘,weather
이번 주 세종 날씨 알려줘,weather
이번 주 덕진구 날씨 알려줘,weather
오늘 부산 날씨 알려줄래,weather
내일모레 금천구 날씨 알려줄래,weather
금천구 날씨 알려줘,weather
반월동 날씨 알려줄래,weather
나 내일 가는데 다음 주 전주 비 오려나,weather
아 그러게 날씨 알려줄래,weather
이제 제발 날씨 알려줘,weather
그러면 날씨 뭐야,weather
아 참 맞다 모레 대구 날씨 알려줘,weather
ㅋㅋㅋ 모레 미룡동 날씨 알려줘,weather
그러면 이따가 오늘 관악구 날씨 알려줘,weather
아 그럼 내일 마포구 날씨 알려줘,weather
월요일 날씨 어떨 것 같냐,weather
이번 주 서울 눈 오니,weather
이번 주 대구 날씨 비 오는지 알려줘,weather
부산 이번 주 날씨 맑은지 알려줄래,weather
광주 이번 주 눈 오려나,weather
울산 이번 주 비 오니,weather
이번 주 인천 날씨 눈 오니,weather
이번 주 전주 비 오는지 알려줄래,weather
이번 주 강릉 맑아,weather
이번 주 속초 날씨 맑니,weather
이번 주 과천 눈 오니,weather
이번 주 군산 비 오니,weather
그러면 오늘 날씨 알려줘,weather
그러면 모레 날씨 알려줘,weather
그러면 오늘 날씨 알려줘,weather
그러면 내일 서초 날씨 알려줘,weather
그러면 관악구 날씨 알려줘,weather
그러면 조촌동 날씨 알려줘,weather
그러면 금암동 날씨,weather
아 맞다 내일 서초 날씨 말해줘,weather
아 맞다 모레 서초구 날씨,weather
아 맞다 오늘 관악 날씨 말해주라,weather
아 맞다 이번 주 날씨,weather
아 맞다 다음 주 날씨 뭐야,weather
그러면 이따가 이번 달 날씨 말해줘,weather
그럼 다음 달 날씨 알려주세요,weather
이번 주 강남구 날씨,weather
오늘 경기도 구리 날씨,weather
내일 경기도 부천 날씨 말해줘,weather
모레 경기도 의정부 날씨 말해줘,weather
내일 제주도 날씨 뭐야,weather
오늘 울릉도 날씨 뭐야,weather
오늘 강원도 날씨 말해줘,weather
내일모레 강원도 강릉 날씨 말해줘,weather
모레 강릉 날씨 말해줘,weather
이번 주 강릉 날씨 말해줘,weather
이번 주 강원도 원주 날씨 말해줘,weather
오늘 삼척 날씨 말해줘,weather
내일모레 강원도 삼척 날씨 말해줘,weather
다음 주 전주 비 오려나,weather
이번 주 서울 눈 오니,weather
아 이번 주 대구 날씨 비 오는지 알려줘,weather
부산 이번 주 날씨 맑은지 알려줄래 ㅋㅋ,weather
광주 이번 주 눈 오려나,weather
울산 이번 주 비 오니,weather
이번 주 인천 날씨 눈 오니,weather
이번 주 전주 비 오는지 알려줄래,weather
이번 주 강릉 맑아,weather
이번 주 속초 날씨 맑니,weather
이번 주 과천 눈 오니,weather
이번 주 군산 비 오니,weather
이번 주 강원도 춘천 날씨 말해줘,weather
내일모레 전라북도 전주 날씨 말해줘,weather
오늘 날짜 경기도 고양 가거든 날씨 알려줘,weather
내일모레 날짜 경기도 안양 날씨 알려줘,weather
다음 주 전주 갈 건데 비 오려나,weather
이번 주 서울 가는데 눈 오니,weather
아마 이번 주 대구 날씨 비 오는지 알려줘,weather
아 부산 이번 주 날씨 맑은지 알려줄래,weather
그러면 광주 이번 주 눈 오려나,weather
울산 이번 주 비 오니 ㅋㅋ,weather
이번 주 인천 날씨 눈 오니 ㅎㅎㅎ,weather
이번 주 전주 비 오는지 알려줄래 ㄷㄷ,weather
이번 주 강릉 맑다고 ㅎ,weather
ㅋㅋ 이번 주 속초 날씨 맑냐고,weather
이번 주 과천 눈 오냐고,weather
아 이번 주 군산 비 온다고,weather
내일 경기도 안양 날씨 알려달라고,weather
그럼 내일모레 안양 날씨 알려달라니까,weather
내일 경기 날씨 알려줘,weather
내일 경기 동두천 날씨 알려줘,weather
내일 날짜 동두천 날씨 알려줘,weather
아 이번 주 강릉 맑아,weather
아 이번 주 속초 날씨 맑니,weather
아 이번 주 과천 눈 오니,weather
아 이번 주 군산 비 오니,weather
내일모레 동두천 날씨 알려줘 ㅋㅋ,weather
내일 의정부 날씨 말해줘 ㅋ,weather
내일 나운동 날씨 말해줘 ㅋㅋㅋ,weather
내일모레 송천동 날씨 말해줘 ㅋㅋㅋㅋ,weather
내일 화순 날씨 말해줘 ㅋㅋㅋㅋㅋ,weather
오늘 전라남도 여수 날씨 말해줘 ㅋㅋ,weather
내일 전라남도 여수 날씨 말해줘 ㅋ,weather
내일 광양 날씨 말해줘 ㅋㅋ,weather
참 내일 전라북도 부안 날씨 알려줘,weather
그러게 내일모레 전라남도 순천 날씨 알려줘,weather
하여튼 내일 날씨 알려줘,weather
하여간 내일 날씨 알려줘,weather
그리고 다음 주 전주 비 오려나,weather
그렇지만 이번 주 서울 눈 오니,weather
그리고 이번 주 대구 날씨 비 오는지 알려줘,weather
하여튼 부산 이번 주 날씨 맑은지 알려줄래,weather
그러게 광주 이번 주 눈 오려나,weather
아니 울산 이번 주 비 오니,weather
그래도 이번 주 인천 날씨 눈 오니,weather
그러게 이번 주 전주 비 오는지 알려줄래,weather
그래서 모레 날씨 알려줘,weather
따라서 내일모레 부산 날씨 알려줘,weather
그러니까 인천 날씨 알려줘,weather
알겠으니까 내일모레 서울특별시 날씨 알려줘,weather
또는 내일 광주 날씨 알려줘,weather
혹은 광주광역시 날씨 알려줘,weather
알았으니까 내일모레 대구광역시 날씨 알려줘,weather
알겠어 내일 대구 날씨 알려줘,weather
야 이번 주 대구광역시 날씨 알려줘,weather
아울러 이번 주 대구 날씨,weather
게다가 내일모레 주 울산 날씨 알려줘,weather
그뿐 오늘 울산 날씨 뭐야,weather
아니 내일 울산광역시 날씨 알려줘,weather
그러니까 모레 서울특별시 날씨 알려줘,weather
내일 날짜 울산광역시 날씨 알려줘,weather
결국 내일모레 대구광역시 날씨 알려줘,weather
아니 다음 주 대구 날씨 말해줄래,weather
그러면 내일 춘천 날씨 알려줘,weather
그럼 내일 충청북도 날씨 알려줘,weather
이제 그럼 내일 충청북도 청주 날씨 알려줘,weather
오늘 청주 날씨 알려줄래,weather
내일 청주 날씨 말해줄래,weather
오늘 청주 날씨 말해주라,weather
이번 주 청주 날씨 말해주라,weather
내일 부안 날씨 말해주라,weather
오늘 고양 날씨 말해주라,weather
다음 주 전주 비 오려나,weather
이번 주 서울 눈 오니,weather
이번 주 대구 날씨 비 오는지 알려줘,weather
부산 이번 주 날씨 맑은지 알려줄래,weather
광주 이번 주 눈 오려나,weather
울산 이번 주 비 오니,weather
이번 주 인천 날씨 눈 오니 ㅋ,weather
이번 주 전주 비 오는지 알려줄래 ㅋ,weather
이번 주 강릉 맑아 ㅋㅋ,weather
이번 주 속초 날씨 맑니 ㅋㅋ,weather
이번 주 과천 눈 오니 ㅋㅋ,weather
이번 주 군산 비 오니 ㅋㅋ,weather
그런데 이번 주 청주 날씨 말해주라,weather
그러면 내일모레 양주 날씨 말해주라,weather
다음 내일 화성 날씨 알려줄래,weather
여기 오늘 화성 날씨 말해주라,weather
아무튼 내일 김포 날씨 알려줄래,weather
내일모레 광명 그러면 날씨 알려줄래,weather
오늘 시흥 날씨 아무튼 알려줘,weather
하여튼 오늘 시흥 날씨 알려줘,weather
모레 하여튼 김포 날씨 알려줄래,weather
모레 광명 날씨 하여튼 알려줄래,weather
모레 평택 날씨 알려줄래 하여튼,weather
어쨋든 모레 안산 날씨 알려줄래,weather
오늘 어쨋든 김포 날씨 알려줄래,weather
오늘 용인 어쨋든 날씨 알려줄래,weather
오늘 김포 날씨 알려줄래 어쨋든,weather
그러니까 오늘 의정부 날씨 알려줄래,weather
오늘 주 그러니까 김포 날씨 알려줄래,weather
이번 주 의정부 그러니까 날씨 알려줄래,weather
오늘 구리 날씨 그러니까 알려줄래,weather
오늘 하남 날씨 알려줄래 그러니까,weather
그리고 내일 하남 날씨 알려줄래,weather
오늘 그리고 여주 날씨 알려줘,weather
모레 이천 그리고 날씨 알려줘,weather
내일 이천 날씨 알려주라 그리고,weather
ㅋㅋ 오늘 오산 날씨 ㅋㅋ,weather
오늘 ㅋㅋ 안성 날씨 ㅋㅋ,weather
오늘 평택 ㅋㅋ 날씨 ㅋㅋ,weather
모레 오산 날씨 ㅋㅋ 알려줘,weather
내일 안성 날씨 ㅋㅋ ㅋㅋ,weather
이번 주 평택 날씨 ㅋㅋ,weather
내일 수원 날씨 ㅋㅋ,weather
이번 주 의왕 날씨 ㅋㅋ,weather
오늘 의왕 날씨 알려주세요,weather
내일 안성 날씨 ㅋㅋ,weather
이번 주 평택 날씨 알려주세요,weather
이번 주 평택 날씨 알려주세요,weather
이번 주 용인 날씨 알려주세요,weather
오늘 성남 날씨 알려주세요,weather
오늘 수원 날씨 알려주세요,weather
오늘 성남 ㅋㅋㅋ 날씨,weather
오늘 가평 ㅋㅋㅋ 날씨,weather
오늘 과천 ㅋㅋㅋ 날씨,weather
오늘 남양주 ㅋㅋㅋ 날씨,weather
오늘 화남 ㅋㅋㅋ 날씨,weather
내일 화남 ㅋㅋㅋ 날씨,weather
모레 남양주 ㅋㅋㅋ 날씨,weather
내일 경기도 화남 ㅋㅋ 날씨,weather
모레 경기도 남양주 날씨 좀 알려줘,weather
이제 모레 구리 날씨 좀 알려줄 수 있니,weather
모레 이제 경기도 구리 ㅋㅋ 날씨,weather
내일 구리 날씨 이제 알려줘,weather
모레 경기도 안산 ㅋㅋ 날씨 이제,weather
그러면 오늘 경기도 평택 ㅋㅋ 날씨,weather
내일 그러면 안성 ㅋㅋ 날씨,weather
내일 경기도 수원 ㅋㅋ 날씨 그렴 이제,weather
오늘 경기도 성남 날씨 그러면 알려줘,weather
내일 안동 ㅋㅋ 날씨 어때,weather
그래서 모레 성남 날씨 좀 알려줄 수 있니,weather
내일 그래서 서울 종로구 ㅋ 날씨,weather
내일 서울 구로구 ㅋ 날씨,weather
오늘 서울 마포구 그래서 ㅋ 날씨,weather
내일 서울 광동구 날씨 그래서 알려줘,weather
내일 종로구 ㅋ 날씨 그래서,weather
내일 마포구 ㅋ 날씨,weather
내일 광동구 ㅋ 날씨,weather
내일 은평구 ㅋ 날씨,weather
내일 중구 ㅋ 날씨,weather
내일 서울시 종로구 날씨 어떠려나,weather
내일 서울시 용산구 날씨 말해줘,weather
서울 용산구 날씨 말해줘,weather
용산 날씨 어떠려나,weather
오늘 용산구 날씨 어떠려나,weather
내일모레 서울시 영등포구 날씨 어떠려나,weather
영등포구 날씨 어떠려나,weather
오늘 영등포 날씨 어떠려나,weather
오늘 영등포구 날씨 어떠려나,weather
내일 서울시 동대문구 날씨 말해줘,weather
아 오늘 동대문구 날씨 어떠려나,weather
송파구 아 날씨 말해줘,weather
송파 날씨 아 말해줘,weather
내일 서울시 송파구 날씨 아 말해줘,weather
모레 송파구 날씨 ㅎ 아,weather
내일 서울시 광진구 날씨 ㅎ,weather
광진구 날씨 ㅎ,weather
모레 광진구 날씨 ㅎ,weather
모레 강북구 날씨 말해줘,weather
내일 서울시 강북구 날씨 ㅎ,weather
모레 강북구 날씨 ㅎ,weather
광진구 날씨 말해줘,weather
내일모레 광진구 날씨 말해줘,weather
내일 서울시 성북구 날씨 ㅎ,weather
강북구 날씨 말해줘,weather
9월 12일 서울 날씨 뭐야,weather
8월 서울 날씨 ㅎ,weather
11월 9일 인천 날씨 ㅎ,weather
12월 24일 양구 날씨 ㅎ,weather
전주 1월 30일 날씨 ㅎ,weather
파주 12월 13일 날씨 ㅎ,weather
내일모레 강북구 날씨 말해줘,weather
내일 서울시 동작구 날씨 ㅎ,weather
서울 금천구 날씨 알려줄래,weather
내일모레 동작구 날씨 말해줘,weather
내일 서울시 도봉구 날씨 뭔데,weather
오늘 서울 도봉구 날씨 알려줄래,weather
모레 도봉구 날씨 말해줘,weather
내일모레 서울시 서대분구 날씨 알려줄래,weather
오늘 서울 서대문구 날씨 알려줄래,weather
모레 서대문구 날씨 뭔데,weather
9월 11일 동대문 날씨 뭐야,weather
8월 안산 날씨 알려주라,weather
11월 17일 군산 날씨 알려주세요,weather
12월 14일 울산 날씨 뭔데,weather
일산 1월 19일 날씨 뭔데,weather
용산 2월 22일 날씨 뭔데,weather
오늘 서울 금천구 날씨 알려줄래,weather
내일 서울시 금천구 날씨 알려줄래,weather
모레 양천구 날씨 뭔데,weather
내일 서울 구로구 날씨 알려줄래,weather
다음 주 전주 비 오려나 그럼,weather
이번 주 서울 눈 오니 이제,weather
이번 주 대구 날씨 비 오는지 알려줘,weather
그리고 부산 이번 주 날씨 맑은지 알려줄래,weather
광주 그리고 이번 주 눈 오려나,weather
아 울산 이번 주 비 오니,weather
그러니까 이번 주 인천 날씨 눈 오니,weather
이번 주 아니 전주 비 오는지 알려줄래,weather
이번 주 강릉 맑아,weather
이번 주 속초 날씨 맑니,weather
이번 주 과천 눈 오니,weather
이번 주 군산 비 오니,weather
내일 서울시 구로 날씨 알려줄래,weather
모레 서초 날씨 그러면 알려줘,weather
그니까 내일모레 서울시 성북 날씨 알려줄래,weather
모레 그니까 광진 날씨 말해줘,weather
내일 서울시 노원 날씨 말해달라고 좀,weather
내일 서울 노원 그니까 날씨 말해줘,weather
내일 충북 청주 날씨 그니까 말해줘,weather
모레 청주 날씨 알려줘 그니까,weather
내일 충북 진천 날씨 좀 말해줘,weather
내일 충청북도 진천 날씨 좀 말해줘,weather
모레 진천시 날씨 좀 알려줘,weather
내일모레 광진 날씨 좀 말해줘,weather
모레 서울 노원 날씨 좀 알려줘,weather
모레 서울시 노원 날씨 좀 알려줘,weather
오늘 광진 날씨 알려줄 수 있니 좀,weather
내일모레 서울시 노원 날씨 알려줄 수 있겠니 좀,weather
내일모레 화천 날씨 말해줘 좀,weather
오늘 화천군 날씨 알려줘 좀,weather
내일 강원도 화천군 날씨 알려줄래 좀,weather
내일모레 홍천 날씨 말해줘 좀,weather
오늘 홍천군 날씨 알려줘 좀,weather
내일 강원 홍천군 가는데 날씨 알려줄래,weather
내일 강원도 홍천군 가는데 날씨 알려줄래,weather
내일모레 횡성 가는데 날씨 말해줘,weather
오늘 횡성군 가는데 날씨 알려줘,weather
내일 강원도 횡성군 가는데 날씨 알려줄래,weather
내일 강원 횡성군 가는데 날씨 알려줄래,weather
내일모레 원주 가는데 날씨 말해줘,weather
오늘 원주시 가는데 날씨 알려줘,weather
오늘 강원 원주시 가는데 날씨 알려줄래,weather
내일 강원도 원주시 가는데 날씨 알려줄래,weather
내일모레 인제 가는데 날씨 말해줘,weather
오늘 인제군 가는데 날씨 알려줘,weather
내일 강원 인제군 가는데 날씨 알려줄래,weather
내일 강원도 인제군 여행 가는데 날씨 알려줄래,weather
내일모레 태백 여행 가는데 날씨 말해줘,weather
오늘 태백시 여행 가는데 날씨 알려줘,weather
내일 강원도 태백시 여행 가는데 날씨 알려줄래,weather
내일모레 동해 여행 가는데 날씨 말해줘,weather
오늘 동해시 여행 가는데 날씨 알려줘,weather
내일 강원 동해시 여행 가는데 날씨 알려줄래,weather
다음 주 전주 여행 가는데 비 오려나,weather
이번 주 서울 여행 가는데 눈 오니,weather
이번 주 대구 여행 가는데 날씨 비 오는지 알려줘,weather
부산 이번 주 여행 가는데 날씨 맑은지 알려줄래,weather
광주 이번 주 여행 가는데 눈 오려나,weather
울산 이번 주 여행 가는데 비 오니,weather
이번 주 인천 갈 것 같은데 날씨 눈 오니,weather
이번 주 전주 갈 것 같은데 비 오는지 알려줄래,weather
이번 주 강릉 갈 것 같은데 맑아,weather
이번 주 속초 갈 것 같은데 날씨 맑니,weather
이번 주 과천 갈 것 같은데 눈 오니,weather
이번 주 군산 갈 것 같은데 비 오니,weather
내일 강원도 동해시 갈 것 같은데 날씨 알려줄래,weather
내일모레 영월 갈 것 같은데 날씨 말해줘,weather
오늘 영월군 갈 것 같은데 날씨 알려줘,weather
강원 영월군 갈 것 같은데 날씨 알려줄래,weather
내일 경기도 서울 갈 것 같은데 날씨 알려줄래,weather
더구나 모레 정성 날씨 말해줘,weather
오늘 더구나 정성군 날씨 알려줘,weather
사실 내일 강원 정선군 날씨 알려줄래,weather
내일 사실 강원도 정선군 날씨 알려줄래,weather
모레 사실 평창 날씨 말해줘,weather
아울러 오늘 평창군 날씨 알려줘,weather
아울러 내일 강원 평창군 날씨 알려줄래,weather
아울러 내일 강원도 평창군 날씨 알려줄래,weather
아울러 내일모레 속초 날씨 말해줘,weather
아울러 오늘 속초시 날씨 알려줘,weather
아울러 내일 강원 속초시 날씨 알려줄래,weather
아울러 내일 강원 속초 날씨 알려줄래,weather
아울러 내일 강원도 속초시 날씨 알려줄래,weather
결국 내일모레 삼척 날씨 말해줘,weather
결국 오늘 삼척시 날씨 알려줘,weather
결국 내일 강원도 삼척시 날씨 알려줄래,weather
결국 내일모레 고성 날씨 말해줘,weather
결국 오늘 고성군 날씨 알려줘,weather
그러면 내일 강원도 고성군 날씨 알려줄래,weather
그럼 모레 강원 고성 날씨 알려줄래,weather
아 내일 강원도 고성군 날씨 알려줄래,weather
그러면 내일모레 양평 날씨 말해줘,weather
그러면 오늘 양구군 날씨 알려줘,weather
그러면 내일 강원도 양구군 날씨 알려줄래,weather
그러면 내일 강원 양구 날씨 알려줄래,weather
그러면 모레 양양 날씨 말해줘,weather
그러면 모레 양양군 날씨 알려줘,weather
그러면 내일 강원도 양양군 날씨 알려줄래,weather
그러면 양양군 날씨 알려줄래,weather
그러면 내일 강원 양양군 날씨 알려줄래,weather
그러면 내일모레 횡성 날씨 말해줘,weather
그러면 오늘 횡성군 날씨 알려줘,weather
그러면 횡성군 날씨 알려줄래,weather
그러면 내일 강원도 횡성군 날씨 알려줄래,weather
그러면 내일 강원 횡성군 날씨 알려줄래,weather
그러면 모레 삼철 날씨 말해줘,weather
한편 삼척시 날씨 알려줘,weather
한편 오늘 삼척시 날씨 알려줘,weather
한편 내일 강원도 삼척시 날씨 알려줄래,weather
한편 내일 강원 삼척시 날씨 알려줄래,weather
한편 강원 삼척시 날씨 알려줄래,weather
한편 모레 제천 날씨 말해줘,weather
한편 오늘 제천시 날씨 알려줘,weather
말하자면 내일 충청북도 괴산군 날씨 알려줄래,weather
말하자면 충북 괴산 날씨 말해줄래,weather
오늘 말하자면 괴산군 날씨 뭐,weather
괴산 날씨 말해줘 좀,weather
내일 충청북도 보은군 날씨 알려줄래 좀,weather
충북 보은 날씨 말해줄래 좀,weather
오늘 보은군 날씨 뭐,weather
아 보은 날씨 말해줘,weather
아 내일 충청북도 영동군 날씨 알려줄래,weather
아 다음 주 전주 비 오려나,weather
아 이번 주 서울 눈 오니,weather
아 이번 주 대구 날씨 비 오는지 알려줘,weather
아 부산 이번 주 날씨 맑은지 알려줄래,weather
아 광주 이번 주 눈 오려나,weather
아 울산 이번 주 비 오니,weather
아 이번 주 인천 날씨 눈 오니,weather
아 이번 주 전주 비 오는지 알려줄래,weather
아 이번 주 강릉 맑아,weather
아 이번 주 속초 날씨 맑니,weather
아 이번 주 과천 눈 오니,weather
아 이번 주 군산 비 오니,weather
아 충북 영동 날씨 말해줄래,weather
아 오늘 영동군 날씨 뭐야,weather
아 영동 날씨 말해줘,weather
아 내일 충청북도 옥천군 날씨 알려줄래,weather
그러면 충북 옥천 날씨 말해줄래,weather
그러면 오늘 옥천군 날씨 뭐야,weather
그러면 옥천 날씨 말해줘,weather
그러면 내일 충청북도 음성군 날씨 알려줄래,weather
그러면 충북 음성 날씨 말해줄래,weather
그러면 오늘 음성군 날씨 뭐야,weather
그러면 음성 날씨 말해줘,weather
그러면 내일 충청북도 단양군 날씨 알려줄래,weather
그러면 충북 단양 날씨 말해줄래,weather
그러면 오늘 단양군 날씨 뭐야,weather
그러면 단양 날씨 말해줘,weather
그러면 내일 충청북도 증평군 날씨 알려줄래,weather
그러면 충북 증평 날씨 말해줄래,weather
그러면 오늘 증평군 날씨 뭐야,weather
그러면 증평 날씨 말해줘,weather
그니까 내일 충청남도 태안군 날씨 알려줄래,weather
그니까 충남 태안 날씨 말해줄래,weather
그니까 오늘 태안군 날씨 뭐야,weather
그니까 태안 날씨 말해줘,weather
그니까 내일 충청남도 공주시 날씨 알려줄래,weather
그니까 충남 공주 날씨 말해줄래,weather
그니까 오늘 공주시 날씨 뭐야,weather
그니까 공주 날씨 말해줘,weather
그니까 내일 충청남도 부여군 날씨 알려줄래,weather
그니까 충남 부여 날씨 말해줄래,weather
그니까 오늘 부여군 날씨 뭐야,weather
그니까 부여 날씨 말해줘,weather
그니까 내일 충청남도 금산군 날씨 알려줄래,weather
그니까 충남 금산 날씨 말해줄래,weather
그니까 오늘 금산군 날씨 뭐야,weather
그니까 금산 날씨 말해줘,weather
그니까 내일 충청남도 서천군 날씨 알려줄래,weather
그니까 충남 서천 날씨 말해줄래,weather
그니까 다음 주 전주 비 오려나,weather
그니까 이번 주 서울 눈 오니,weather
그니까 이번 주 대구 날씨 비 오는지 알려줘,weather
그니까 부산 이번 주 날씨 맑은지 알려줄래,weather
그니까 광주 이번 주 눈 오려나,weather
그니까 울산 이번 주 비 오니,weather
아니 이번 주 인천 날씨 눈 오니,weather
아니 이번 주 전주 비 오는지 알려줄래,weather
아니 이번 주 강릉 맑아,weather
아니 이번 주 속초 날씨 맑니,weather
아니 이번 주 과천 눈 오니,weather
아니 이번 주 군산 비 오니,weather
아니 오늘 서천군 날씨 뭐야,weather
아니 서천 날씨 말해줘,weather
아니 내일 군산시 미룡동 날씨 알려줄래,weather
아니 군산시 미룡동 날씨 말해줄래,weather
아니 오늘 미룡동 날씨 뭐야,weather
아니 미룡동 날씨 말해줘,weather
아니 내일 군산시 옥서면 날씨 알려줄래,weather
아니 군산시 옥서면 날씨 말해줄래,weather
아니 오늘 옥서면 날씨 뭐야,weather
아니 옥서면 날씨 말해줘,weather
아니 내일 군산시 옥구읍 날씨 알려줄래,weather
아니 군산시 옥구 날씨 말해줄래,weather
아니 오늘 옥구읍 날씨 뭐야,weather
아니 옥구 날씨 말해줘,weather
아니 내일 충청남도 청양군 날씨 알려줄래,weather
아니 충남 청양 날씨 말해줄래,weather
아니 오늘 청양군 날씨 뭐야,weather
아니 청양 날씨 말해줘,weather
아니 내일 충청남도 논산시 날씨 알려줄래,weather
아니 충남 논산 날씨 말해줄래,weather
아니 오늘 논산시 날씨 뭐야,weather
아니 논산 날씨 말해줘,weather
아니 내일 충청남도 당진시 날씨 알려줄래,weather
아니 충남 당진 날씨 말해줄래,weather
아니 오늘 당진시 날씨 뭐야,weather
아니 당진 날씨 말해줘,weather
아니 내일 충청남도 보령시 날씨 알려줄래,weather
아니 충남 보령 날씨 말해줄래,weather
아니 오늘 보령시 날씨 뭐야,weather
아니 보령 날씨 말해줘,weather
아니 내일 충청남도 예산군 날씨 알려줄래,weather
아니 충남 예산 날씨 말해줄래,weather
아니 오늘 예산군 날씨 뭐야,weather
예산 날씨 말해줘 ㅋㅋ,weather
내일 충청남도 아산시 날씨 알려줄래 ㅋㅋ,weather
다음 주 전주 비 오려나 ㅋㅋ,weather
이번 주 서울 눈 오니 ㅋㅋ,weather
이번 주 대구 날씨 비 오는지 알려줘 ㅋㅋ,weather
부산 이번 주 날씨 맑은지 알려줄래 ㅋㅋ,weather
광주 이번 주 눈 오려나 ㅋㅋ,weather
울산 이번 주 비 오니 ㅋㅋ,weather
이번 주 인천 날씨 눈 오니 ㅋㅋ,weather
이번 주 전주 비 오는지 알려줄래 ㅋㅋ,weather
이번 주 강릉 맑아 ㅋㅋ,weather
이번 주 속초 날씨 맑니 ㅋㅋ,weather
이번 주 과천 눈 오니 ㅋㅋ,weather
말하자면 이번 주 군산 비 오니,weather
말하자면 충남 아산 날씨 말해줄래,weather
말하자면 오늘 아산시 날씨 뭐야,weather
말하자면 아산 날씨 말해줘,weather
말하자면 내일 충청남도 천안시 날씨 알려줄래,weather
ㅋㅋ 충남 천안 날씨 말해줄래,weather
ㅋㅋ 오늘 천안시 날씨 뭐야,weather
ㅋㅋ 천안 날씨 말해줘,weather
ㅋㅋ 내일 충청남도 당진 날씨 알려줄래,weather
ㅋㅋ 충남 당진 날씨 말해줄래,weather
오늘 당진시 결국 날씨 뭐야,weather
당진 날씨 말해줘 결국,weather
내일 충청남도 홍성군 그니까 날씨 알려줄래,weather
충남 홍성 날씨 말해줄래 아니,weather
오늘 홍성군 날씨 좀 뭐냐고,weather
홍성 날씨 ㅋㅋ 말해줘,weather
내일 그니까 충남 계룡 날씨 알려줄래,weather
오늘 그니까 충남 대전 날씨 알려줄래,weather
내일 하여튼 충남 서천시 날씨 알려줄래,weather
내일 그니까 충청남도 계룡 날씨 알려줄래,weather
내일 알았으니까 충청남도 서천 날씨 알려줄래,weather
내일 아무튼 충청남도 계룡시 날씨 알려줄래,weather
아무튼 충남 계룡 날씨 말해줄래,weather
아무튼 오늘 계룡시 날씨 뭐야,weather
하여튼 계룡 날씨 말해줘,weather
그려 내일 충청남도 서천시 날씨 알려줄래,weather
그래 충남 서천 날씨 말해줄래,weather
아무튼 오늘 서천시 날씨 뭐야,weather
어쨋든 서천 날씨 말해줘,weather
그래 군산 대야 날씨 말해줄래,weather
아무튼 오늘 대야면 날씨 뭐야,weather
그니까 대야 날씨 말해줘,weather
그래 내일 전라북도 임실군 날씨 알려줄래,weather
그려 전북 임실 날씨 말해줄래,weather
그래 오늘 임실군 날씨 뭐야,weather
그래 임실 날씨 말해줘,weather
응 내일 전라북도 장수군 날씨 알려줄래,weather
응 전북 무주군 날씨 좀 말해주세요,weather
응 오늘 완주군 날씨 알려주라,weather
응 정읍 날씨 뭐야,weather
응 내일 전라북도 장수군 날씨 알려줄래,weather
응 전북 무주군 날씨 좀 말해주세요,weather
응 오늘 완주군 날씨 알려주라,weather
응 정읍 날씨 뭐야,weather
응 내일 전라북도 익산시 날씨 알려줄래,weather
응 전북 고창군 날씨 좀 말해주세요,weather
응 오늘 완주군 날씨 알려주라,weather
응 고창군 날씨 뭐야,weather
응 내일 전라북도 남원시 날씨 알려줄래,weather
응 다음 주 전주 비 오려나,weather
응 이번 주 서울 눈 오니,weather
응 이번 주 대구 날씨 비 오는지 알려줘,weather
응 부산 이번 주 날씨 맑은지 알려줄래,weather
응 광주 이번 주 눈 오려나,weather
응 울산 이번 주 비 오니,weather
응 이번 주 인천 날씨 눈 오니,weather
이번 주 전주 비 오는지 알려줄래 좀,weather
이번 주 강릉 맑아 좀,weather
이번 주 속초 날씨 맑니 좀,weather
이번 주 과천 눈 오니 좀,weather
이번 주 군산 비 오니 좀,weather
전북 군산시 날씨 좀 말해주세요 좀,weather
오늘 순창군 날씨 알려주라 좀,weather
익산 날씨 뭐야 좀,weather
내일 전라북도 군산 날씨 알려줄래 좀,weather
전북 김제 날씨 좀 말해주세요 좀,weather
오늘 김제시 날씨 알려주라 좀,weather
요컨데 부안 날씨 뭐야,weather
즉 내일 전라북도 진안 날씨 알려줄래,weather
결국 전북 진안군 날씨 좀 말해주세요,weather
결국 오늘 무주군 날씨 알려주라,weather
결국 무주 날씨 뭐야,weather
결국 내일 전라북도 무주군 날씨 알려줄래,weather
결국 전북 진안군 날씨 좀 말해주세요,weather
결국 오늘 무주군 날씨 알려주라,weather
결국 진안 날씨 뭐야,weather
결국 내일 전라북도 부안군 날씨 알려줄래,weather
아니 전북 순창군 날씨 좀 말해주세요,weather
아니 오늘 순창군 날씨 알려주라,weather
응 부안 날씨 뭐야,weather
응 내일 전라북도 김제시 날씨 알려줄래,weather
응 전북 김제 날씨 좀 말해주세요,weather
ㅇㅇ 오늘 익산시 날씨 알려주라,weather
ㅇㅇ 김제 날씨 뭐야,weather
ㅇㅇ 내일 전라북도 무주군 날씨 알려줄래,weather
ㅋ 임실 눈 올까,weather
ㅋㅋㅋ 영덕 우산 쓸까,weather
ㅋㅋ 함평 우산 가져갈까,weather
ㅋㅋ 철원 비오냐,weather
ㅋㅋ 화천 흐리니,weather
ㅋㅋㅋ 목포 날씨 흐릴까,weather
ㅋㅋㅋ 남양주 우산 챙길까,weather
ㅋㅋ 상주 맑을까,weather
ㅋㅋ 대구 우산 써야 할까,weather
ㅋ 남양주 눈 오냐,weather
ㅋㅋ 원주 춥냐,weather
ㅋㅋㅋ 순천 눈 오냐,weather
ㅋ 김천 더울까,weather
ㅋㅋ 광명 덥니,weather
ㅎㅋㅋ 거창 우산 가져가야하니,weather
ㅋㅎ 칠곡 날씨 맑냐,weather
ㅎㅋㅋ 밀양 눈 오냐,weather
철원 그럼 날씨 맑을까,weather
영광 그럼 날씨 맑을까,weather
음성 그럼 날씨 맑니,weather
울릉 그럼 날씨 춥냐,weather
과천 그럼 날씨 흐리냐,weather
나주 그럼 날씨 날씨,weather
남양주 그럼 날씨 춥냐,weather
속초 그럼 날씨 날씨,weather
청주 그럼 날씨 맑니,weather
금산 그럼 우산 가져갈까,weather
고양 그럼 날씨 맑냐,weather
영암 그럼 우산 챙길까,weather
고창 그럼 비오냐,weather
고양 그럼 비 올까,weather
익산 그럼 날씨 어떠니,weather
구미 그럼 우산 챙길까,weather
음 음성 눈 올까,weather
음 영동 날씨 어떠냐,weather
음 철원 날씨 추울까,weather
음 경주 흐리니,weather
음 철원 우산 가져갈까,weather
음 양구 흐리니,weather
음 화천 날씨 맑니,weather
음 함안 날씨 어떠니,weather
음 영광 흐리냐,weather
하 고흥 맑을까,weather
하 원주 우산 필요할까,weather
하 서천 맑을까,weather
하 여수 더울까,weather
하 진주 날씨 날씨,weather
하 논산 우산 가져갈까,weather
하 의령 비오니,weather
하 태백 흐리냐,weather
하 신안 덥니,weather
하 봉화 비오니,weather
하 안산 우산 쓸까,weather
강릉 그럼 비오니,weather
의정부 그면 우산 써야하니,weather
목포 그면 비오냐,weather
화천 ㅋㅋ 덥니,weather
창녕 ㅋㅋ 흐리니,weather
김천 ㅋㅋ 우산 필요하니,weather
곡성 아니 날씨 날씨,weather
삼척 아니 우산 챙겨야 할까,weather
울릉 혹시 날씨 흐리니,weather
장흥 혹시 우산 가져가야하니,weather
서천 혹시 눈 올까,weather
예천 혹시 덥니,weather
부여 혹시 눈 올까,weather
창녕 혹시 날씨 흐리냐,weather
양평 혹시 더울까,weather
의령 혹시 흐리니,weather
거제 혹시 덥니,weather
포천 설마 춥니,weather
태백 설마 우산 필요할까,weather
광양 설마 우산 써야 할까,weather
옥천 설마 맑니,weather
전주 설마 우산 챙길까,weather
고양 설마 눈 오냐,weather
군산 그럼 우산 챙겨야해,weather
홍성 그럼 덥냐,weather
예천 그럼 비 올까,weather
안산 그럼 날씨 덥냐,weather
청주 그럼 눈 오냐,weather
제천 그럼 날씨 어떠냐,weather
금산 그럼 우산 챙길까,weather
청양 그럼 맑냐,weather
상주 그러면 눈 올까,weather
의령 그러면 날씨 더울까,weather
하동 그러면 날씨 추울까,weather
홍성 그러면 우산 써야 할까,weather
목요일 음 음성 눈 올까,weather
내일 음 영동 날씨 어떠냐,weather
목요일 음 철원 날씨 추울까,weather
내일 음 경주 흐리니,weather
목요일 음 철원 우산 가져갈까,weather
내일 음 양구 흐리니,weather
목요일 음 화천 날씨 맑니,weather
목요일 음 함안 날씨 어떠니,weather
목요일 음 영광 흐리냐,weather
목요일 하 고흥 맑을까,weather
목요일 하 원주 우산 필요할까,weather
목요일 하 서천 맑을까,weather
내일 하 여수 더울까,weather
내일 하 진주 날씨 춥니,weather
내일 하 논산 우산 가져갈까,weather
내일 하 의령 비오니,weather
내일 하 태백 흐리냐,weather
내일 하 신안 덥니,weather
내일 하 봉화 비오니,weather
내일 하 안산 우산 쓸까,weather
금요일 강릉 그럼 비오니,weather
금요일 의정부 그면 우산 써야하니,weather
금요일 목포 그면 비오냐,weather
금요일 화천 ㅋㅋ 덥니,weather
금요일 창녕 ㅋㅋ 흐리니,weather
모레 김천 ㅋㅋ 우산 필요하니,weather
모레 곡성 아니 날씨 춥니,weather
모레 삼척 아니 우산 챙겨야 할까,weather
모레 울릉 혹시 날씨 흐리니,weather
모레 장흥 혹시 우산 가져가야하니,weather
모레 서천 혹시 눈 올까,weather
모레 예천 혹시 덥니,weather
모레 부여 혹시 눈 올까,weather
모레 창녕 혹시 날씨 흐리냐,weather
모레 양평 혹시 더울까,weather
현재 의령 혹시 흐리니,weather
현재 거제 혹시 덥니,weather
현재 포천 설마 춥니,weather
현재 태백 설마 우산 필요할까,weather
현재 광양 설마 우산 써야 할까,weather
현재 옥천 설마 맑니,weather
현재 전주 설마 우산 챙길까,weather
현재 고양 설마 눈 오냐,weather
현재 군산 그럼 우산 챙겨야해,weather
내일 홍성 그럼 덥냐,weather
일요일 안산 그럼 날씨 덥냐,weather
일요일 청주 그럼 눈 오냐,weather
일요일 제천 그럼 날씨 어떠냐,weather
일요일 금산 그럼 우산 챙길까,weather
수요일 청양 그럼 맑냐,weather
수요일 상주 그러면 눈 올까,weather
수요일 의령 그러면 날씨 더울까,weather
수요일 하동 그러면 날씨 추울까,weather
수요일 홍성 그러면 우산 써야 할까,weather
일요일 음 음성 눈 올까,weather
내일 음 영동 날씨 어떠냐,weather
일요일 음 철원 날씨 추울까,weather
내일 음 경주 흐리니,weather
일요일 음 철원 우산 가져갈까,weather
내일 음 양구 흐리니,weather
일요일 음 화천 날씨 맑니,weather
일요일 음 함안 날씨 어떠니,weather
화요일 음 영광 흐리냐,weather
화요일 하 고흥 맑을까,weather
화요일 하 원주 우산 필요할까,weather
화요일 하 서천 맑을까,weather
내일 하 여수 더울까,weather
내일 하 진주 날씨 춥니,weather
내일 하 논산 우산 가져갈까,weather
내일 하 의령 비오니,weather
내일 하 태백 흐리냐,weather
내일 하 신안 덥니,weather
내일 하 봉화 비오니,weather
내일 하 안산 우산 쓸까,weather
화요일 강릉 그럼 비오니,weather
화요일 의정부 그면 우산 써야하니,weather
오늘 목포 그면 비오냐,weather
오늘 화천 ㅋㅋ 덥니,weather
오늘 창녕 ㅋㅋ 흐리니,weather
모레 김천 ㅋㅋ 우산 필요하니,weather
모레 곡성 아니 날씨 춥니,weather
모레 삼척 아니 우산 챙겨야 할까,weather
모레 울릉 혹시 날씨 흐리니,weather
모레 장흥 혹시 우산 가져가야하니,weather
모레 서천 혹시 눈 올까,weather
모레 예천 혹시 덥니,weather
모레 부여 혹시 눈 올까,weather
모레 창녕 혹시 날씨 흐리냐,weather
모레 양평 혹시 더울까,weather
현재 의령 혹시 흐리니,weather
현재 거제 혹시 덥니,weather
현재 포천 설마 춥니,weather
현재 태백 설마 우산 필요할까,weather
현재 광양 설마 우산 써야 할까,weather
현재 옥천 설마 맑니,weather
현재 전주 설마 우산 챙길까,weather
현재 고양 설마 눈 오냐,weather
현재 군산 그럼 우산 챙겨야해,weather
내일 홍성 그럼 덥냐,weather
오늘 안산 그럼 날씨 덥냐,weather
오늘 청주 그럼 눈 오냐,weather
오늘 제천 그럼 날씨 어떠냐,weather
오늘 금산 그럼 우산 챙길까,weather
수요일 청양 그럼 맑냐,weather
수요일 상주 그러면 눈 올까,weather
수요일 의령 그러면 날씨 더울까,weather
수요일 하동 그러면 날씨 추울까,weather
수요일 홍성 그러면 우산 써야 할까,weather
그러면 서울 광진구 추울까,weather
그러면 서울 노원구 날씨 좋니,weather
그러면 서울 구로구 맑을까,weather
그러면 서울 종로구 날씨 어떠냐,weather
그러면 서울 중구 눈 올까,weather
그러면 서울 강북구 우산 가져가야하니,weather
그러면 서울 강동구 눈 오냐,weather
그러면 서울 광진구 날씨 맑냐,weather
이제 서울 구로구 춥니,weather
이제 서울 영등포구 우산 써야 할까,weather
이제 서울 중랑구 날씨 덥냐,weather
이제 서울 서대문구 춥냐,weather
이제 서울 동작구 날씨 덥냐,weather
이제 서울 영등포구 우산 필요하냐,weather
이제 서울 동대문구 눈 올까,weather
아 서울 영등포구 날씨 더울까,weather
아 서울 중구 날씨 맑니,weather
아 서울 구로구 날씨 어때,weather
아 서울 관악구 날씨 맑을까,weather
아 서울 동작구 덥냐,weather
아 서울 용산구 날씨 추울까,weather
참 서울 서대문구 우산 필요하냐,weather
참 서울 강동구 우산 써야 할까,weather
참 서울 송파구 덥니,weather
참 서울 마포구 날씨 춥냐,weather
참 서울 송파구 더울까,weather
참 서울 도봉구 날씨 더울까,weather
헐 서울 송파구 춥니,weather
헐 서울 양천구 우산 챙겨야 할까,weather
헐 서울 성동구 흐리니,weather
헐 서울 노원구 덥냐,weather
헐 서울 서대문구 날씨 어떠냐,weather
헐 서울 종로구 우산 챙겨야 할까,weather
그니까 서울 성북구 비오냐,weather
그니까 서울 도봉구 비 올까,weather
그니까 서울 금천구 날씨 흐리니,weather
그니까 서울 마포구 눈 오니,weather
그니까 서울 서대문구 날씨 더울까,weather
그러게 서울 서대문구 날씨 덥니,weather
그러게 서울 관악구 날씨 어떠니,weather
그러게 서울 마포구 맑을까,weather
그러게 서울 마포구 날씨 어때,weather
그러게 서울 강북구 우산 필요해,weather
그러게 서울 중구 덥니,weather
하여튼 서울 도봉구 날씨 흐리니,weather
하여튼 서울 양천구 날씨 더울까,weather
하여튼 서울 강동구 우산 챙길까,weather
하여튼 서울 강남구 날씨 더울까,weather
하여튼 서울 성동구 우산 챙길까,weather
하여튼 서울 강동구 흐리냐,weather
하여튼 서울 강북구 날씨 춥냐,weather
하지만 서울 은평구 우산 가져갈까,weather
하지만 서울 종로구 맑을까,weather
하지만 서울 은평구 춥니,weather
하지만 서울 도봉구 우산 필요하냐,weather
하지만 서울 노원구 우산 필요해,weather
하지만 서울 중구 날씨 맑을까,weather
진짜 서울 중구 우산 필요할까,weather
진짜 서울 금천구 흐리니,weather
진짜 서울 노원구 눈 오냐,weather
진짜 서울 강북구 비 올까,weather
진짜 서울 관악구 우산 필요할까,weather
진짜 서울 성북구 우산 필요할까,weather
진짜 서울 구로구 눈 오냐,weather
진짜 서울 강남구 우산 챙길까,weather
마지막 서울 강서구 덥니,weather
마지막 서울 강서구 더울까,weather
마지막 서울 서초구 날씨 좋니,weather
마지막 서울 중구 우산 챙겨야 할까,weather
마지막 서울 강서구 날씨 더울까,weather
마지막 서울 마포구 우산 필요할까,weather
보은 비오니,weather
평창 눈 올려나,weather
고성 날씨 더우려나,weather
성남 흐리냐,weather
삼척 눈 올려나,weather
시흥 날씨 흐리냐,weather
예천 눈 오니,weather
논산 날씨 어떠려나,weather
양양 날씨 추우려나,weather
부안 흐리려나,weather
칠곡 날씨 좋으려나,weather
포항 우산 챙겨야 할까,weather
군위 흐리려나,weather
담양 날씨 맑을까,weather
태안 우산 챙겨야 할까,weather
대구 흐리려나,weather
신안 날씨 좋으려나,weather
정선 날씨 맑니,weather
청도 날씨 덥냐,weather
안산 날씨 춥냐,weather
양주 날씨 흐리냐,weather
완주 날씨 맑니,weather
창녕 춥냐,weather
진주 날씨 좋으려나,weather
진주 날씨 추우려나,weather
속초 우산 써야하니,weather
영월 눈 오냐,weather
서산 눈 올려나,weather
순천 날씨 흐릴까,weather
구미 날씨 맑을까,weather
대구 우산 가져갈까,weather
양평 날씨 흐리려나,weather
정선 춥니,weather
안산 맑니,weather
남해 비오냐,weather
밀양 우산 챙겨야 할까,weather
원주 비오니,weather
오산 우산 필요하냐,weather
무안 눈 오냐,weather
영양 우산 써야하니,weather
서산 날씨 맑으려나,weather
경주 날씨 덥냐,weather
양양 더우려나,weather
순창 우산 필요해,weather
수원 날씨 춥냐,weather
정선 우산 가져갈까,weather
논산 맑을까,weather
음성 춥냐,weather
의왕 우산 챙길까,weather
양양 우산 필요해,weather
영광 우산 써야하니,weather
고성 흐리냐,weather
보은 눈 오냐,weather
정선 흐리냐,weather
진안 흐릴까,weather
청송 추우려나,weather
의왕 날씨 춥니,weather
평창 날씨 어떠려나,weather
공주 날씨 더우려나,weather
무안 우산 필요해,weather
무주 눈 올려나,weather
부여 덥냐,weather
담양 추우려나,weather
청주 날씨 춥니,weather
영천 날씨 덥냐,weather
해운대 날씨 어떠려나,weather
의정부 날씨 맑니,weather
남원 날씨 맑을까,weather
안성 날씨 덥냐,weather
순천 맑니,weather
영주 덥냐,weather
무안 날씨 추우려나,weather
신안 우산 필요하려나,weather
김해 맑으려나,weather
용산 날씨 덥냐,weather
단양 날씨 맑을까,weather
함평 맑으려나,weather
양평 날씨 맑니,weather
거창 흐릴까,weather
단양 춥니,weather
보성 우산 써야하니,weather
의성 날씨 더우려나,weather
부안 날씨 흐리려나,weather
함양 눈 오니,weather
영동 날씨 어떠려나,weather
전주 날씨 흐리려나,weather
평택 우산 챙겨야해,weather
파주 흐릴까,weather
영덕 우산 써야 할까,weather
강진 눈 오니,weather
논산 날씨 맑니,weather
이천 우산 써야 할까,weather
군포 우산 필요하려나,weather
단양 날씨 추우려나,weather
서산 비오냐,weather
서천 맑으려나,weather
성주 날씨 맑으려나,weather
순창 날씨 좋으려나,weather
영동 맑으려나,weather
군포 우산 챙겨야해,weather
제천 비오니,weather
여주 더우려나,weather
태안 흐리냐,weather
영주 날씨 추우려나,weather
화순 눈 오니,weather
광주 날씨 어떠려나,weather
오산 날씨 덥냐,weather
정선 추우려나,weather
고령 날씨 어떠니,weather
평창 우산 챙겨야해,weather
제천 우산 가져가야하니,weather
울진 날씨 맑으려나,weather
시흥 날씨 더우려나,weather
보령 우산 챙길까,weather
진안 날씨 흐릴까,weather
강릉 추우려나,weather
산청 우산 챙길까,weather
아산 비 올려나,weather
의령 날씨 좋으려나,weather
울진 우산 쓸까,weather
보은 날씨 춥니,weather
김천 더우려나,weather
광주 우산 필요해,weather
전주 날씨 더우려나,weather
파주 날씨 어떠려나,weather
구리 날씨 더우려나,weather
의왕 흐릴까,weather
남원 눈 오냐,weather
부여 비 올려나,weather
영천 맑을까,weather
장수 우산 챙겨야해,weather
곡성 날씨 어떠려나,weather
영광 날씨 춥니,weather
영덕 날씨 맑을까,weather
경산 우산 필요하려나,weather
화순 맑니,weather
고성 우산 써야하니,weather
정선 눈 오니,weather
김포 눈 오냐,weather
고흥 춥니,weather
신안 우산 필요하려나,weather
목포 날씨 맑으려나,weather
담양 우산 필요하려나,weather
옥천 우산 가져가야하니,weather
포천 비오니,weather
밀양 날씨 더우려나,weather
서천 우산 써야 할까,weather
영양 우산 챙길까,weather
용인 날씨 더우려나,weather
일산 우산 챙겨야 할까,weather
양산 우산 필요하냐,weather
이천 우산 챙겨야해,weather
춘천 우산 필요하냐,weather
제주 우산 챙길까,weather
의성 더우려나,weather
구미 날씨 어떠려나,weather
신안 날씨 흐리려나,weather
속초 비오냐,weather
정읍 덥냐,weather
무주 우산 필요하냐,weather
용산 우산 챙겨야해,weather
삼척 날씨 추우려나,weather
구미 더우려나,weather
성주 춥냐,weather
구리 흐리려나,weather
안양 더우려나,weather
군포 날씨 어떠려나,weather
내일 영천 날씨 춥니,weather
내일 일산 더울까,weather
내일 이천 맑냐,weather
내일 양산 흐릴까,weather
내일 안성 날씨 맑니,weather
내일 정선 덥냐,weather
내일 영동 날씨 맑냐,weather
내일 강진 흐릴까,weather
내일 해운대 더울까,weather
내일 청양 날씨 좋니,weather
모레 신안 날씨 맑냐,weather
모레 영동 흐리냐,weather
모레 광명 날씨 춥니,weather
모레 김제 덥니,weather
모레 경산 비오냐,weather
모레 울릉 날씨 흐릴까,weather
모레 횡성 날씨 맑니,weather
모레 함안 맑을까,weather
오늘 광명 날씨 맑니,weather
오늘 시흥 맑을까,weather
오늘 영월 우산 필요해,weather
오늘 영주 날씨 맑냐,weather
오늘 장성 날씨 춥니,weather
오늘 군산 날씨 덥냐,weather
오늘 충주 날씨 맑냐,weather
오늘 영광 날씨 맑니,weather
오늘 평창 우산 써야 할까,weather
오늘 양주 눈 오니,weather
오늘 봉화 날씨 춥냐,weather
오늘 화천 흐리냐,weather
오늘 강진 흐리냐,weather
오늘 괴산 흐리니,weather
오늘 청도 날씨 춥냐,weather
오늘 영동 눈 오냐,weather
오늘 광양 날씨 덥냐,weather
오늘 증평 날씨 더울까,weather
설마 내일 영천 날씨 춥니,weather
설마 내일 일산 더울까,weather
설마 내일 이천 맑냐,weather
설마 내일 양산 흐릴까,weather
설마 내일 안성 날씨 맑니,weather
설마 내일 정선 덥냐,weather
진짜 내일 영동 날씨 맑냐,weather
진짜 내일 강진 흐릴까,weather
진짜 내일 해운대 더울까,weather
진짜 내일 청양 날씨 좋니,weather
진짜 모레 신안 날씨 맑냐,weather
진짜 모레 영동 흐리냐,weather
진짜 모레 광명 날씨 춥니,weather
혹시라도 모레 김제 덥니,weather
혹시라도 모레 경산 비오냐,weather
혹시라도 모레 울릉 날씨 흐릴까,weather
혹시라도 모레 횡성 날씨 맑니,weather
혹시 모레 함안 맑을까,weather
혹시 오늘 광명 날씨 맑니,weather
혹시 오늘 시흥 맑을까,weather
혹시 오늘 영월 우산 필요해,weather
혹시 오늘 영주 날씨 맑냐,weather
아 오늘 장성 날씨 춥니,weather
아 오늘 군산 날씨 덥냐,weather
아 오늘 충주 날씨 맑냐,weather
아 오늘 영광 날씨 맑니,weather
그러게 오늘 평창 우산 써야 할까,weather
그러게 오늘 양주 눈 오니,weather
그러게 오늘 봉화 날씨 춥냐,weather
그러게 오늘 화천 흐리냐,weather
그러게 오늘 강진 흐리냐,weather
그럼 오늘 괴산 흐리니,weather
그럼 오늘 청도 날씨 춥냐,weather
그럼 오늘 영동 눈 오냐,weather
그럼 오늘 광양 날씨 덥냐,weather
그럼 오늘 증평 날씨 더울까,weather
칠곡 맑을까,weather
부천 우산 쓸까,weather
무주 더울까,weather
안성 우산 필요하냐,weather
동두천 날씨 맑니,weather
해운대 우산 쓸까,weather
김제 날씨 흐리니,weather
계룡 날씨 맑니,weather
임실 흐리니,weather
목포 우산 가져가야하니,weather
천안 비오냐,weather
진도 우산 챙겨야 할까,weather
완도 날씨 어때,weather
청송 눈 올까,weather
서천 맑니,weather
사천 눈 올까,weather
예천 우산 쓸까,weather
양산 우산 챙겨야 할까,weather
예산 우산 챙겨야해,weather
연천 날씨 춥니,weather
미추홀 눈 오니,weather
완도 우산 써야하니,weather
의령 날씨 어때,weather
밀양 우산 필요할까,weather
평창 날씨 흐리니,weather
하동 우산 가져가야하니,weather
의정부 날씨 맑냐,weather
성주 덥니,weather
예천 날씨 어떠냐,weather
군산 우산 가져가야하니,weather
진도 날씨 덥냐,weather
익산 흐리냐,weather
홍천 날씨 흐리니,weather
가평 우산 가져가야하니,weather
김제 덥냐,weather
김제 맑냐,weather
장성 우산 챙겨야 할까,weather
무안 우산 챙겨야해,weather
진도 흐리냐,weather
창녕 날씨 덥냐,weather
봉화 우산 필요하니,weather
수원 우산 써야하니,weather
김천 날씨 덥냐,weather
예산 날씨 춥냐,weather
남해 눈 올까,weather
고흥 우산 가져갈까,weather
거제 날씨 추울까,weather
춘천 우산 필요해,weather
경주 덥냐,weather
부천 맑을까,weather
의왕 우산 챙겨야 할까,weather
속초 맑냐,weather
함평 날씨 춥니,weather
청송 날씨 춥니,weather
해남 맑냐,weather
동해 흐리냐,weather
가평 날씨 어때,weather
태백 날씨 어떠냐,weather
아산 눈 오냐,weather
과천 추울까,weather
보은 날씨 춥냐,weather
남원 우산 필요하니,weather
신안 날씨 맑니,weather
진천 우산 써야 할까,weather
의정부 눈 오냐,weather
양구 맑니,weather
수원 우산 쓸까,weather
서산 눈 오냐,weather
진도 눈 오니,weather
안양 비오니,weather
부천 우산 필요해,weather
화천 우산 필요하니,weather
횡성 날씨 덥냐,weather
함평 우산 챙겨야 할까,weather
영광 더울까,weather
양평 우산 써야 할까,weather
안산 덥냐,weather
남해 우산 가져가야하니,weather
홍천 날씨 춥니,weather
문경 맑니,weather
구미 흐리니,weather
화성 맑냐,weather
창녕 날씨 추울까,weather
정읍 우산 쓸까,weather
산청 비오니,weather
평택 덥냐,weather
합천 춥냐,weather
영천 우산 챙겨야 할까,weather
횡성 비오니,weather
성주 날씨 어떠냐,weather
함안 날씨 좋니,weather
제천 덥니,weather
영천 우산 챙겨야해,weather
화순 우산 쓸까,weather
여주 날씨 덥니,weather
이천 눈 오니,weather
양구 비오냐,weather
시흥 우산 챙겨야해,weather
양주 날씨 어떠니,weather
정읍 더울까,weather
하동 날씨 춥니,weather
파주 눈 오니,weather
밀양 비오냐,weather
군포 우산 필요해,weather
의령 추울까,weather
괴산 추울까,weather
무안 날씨 어때,weather
평창 흐리니,weather
영덕 눈 오니,weather
완도 덥냐,weather
철원 날씨 덥니,weather
안성 추울까,weather
청도 날씨 맑니,weather
연천 우산 챙겨야해,weather
사천 우산 챙겨야 할까,weather
논산 더울까,weather
익산 날씨 흐릴까,weather
제천 우산 쓸까,weather
순천 맑냐,weather
홍천 덥냐,weather
횡성 흐리니,weather
원주 날씨 덥냐,weather
부여 흐리니,weather
증평 비 올까,weather
구례 덥니,weather
화천 맑을까,weather
거제 우산 챙겨야해,weather
원주 날씨 흐리냐,weather
진안 우산 쓸까,weather
용인 우산 챙겨야 할까,weather
수원 날씨 어떠냐,weather
영암 흐릴까,weather
장수 비오니,weather
봉화 날씨 어때,weather
안동 덥니,weather
함안 날씨 덥냐,weather
영덕 덥니,weather
춘천 날씨 춥니,weather
가평 춥냐,weather
미추홀 우산 가져가야하니,weather
강릉 흐릴까,weather
홍천 우산 써야 할까,weather
부천 우산 써야하니,weather
인제 우산 쓸까,weather
과천 우산 챙겨야해,weather
대구 날씨 덥냐,weather
단양 맑니,weather
인제 우산 가져갈까,weather
양양 우산 쓸까,weather
인제 날씨 어때,weather
성남 날씨 좋니,weather
고양 추울까,weather
진안 우산 가져가야하니,weather
천안 날씨 맑다,weather
서산 날씨 흐리다,weather
경주 우산 써야 할까,weather
무안 날씨 맑다,weather
영광 덥다,weather
고성 흐리니,weather
오산 날씨 덥다,weather
삼척 덥다,weather
아산 우산 써야 할까,weather
대구 비 올까,weather
무주 날씨 좋니,weather
제천 날씨 춥다,weather
함양 흐리니,weather
안성 더울까,weather
양평 우산 챙겨야 할까,weather
여수 춥냐,weather
제천 날씨 흐리니,weather
합천 맑냐,weather
예산 날씨 흐릴까,weather
칠곡 우산 쓸까,weather
양양 우산 필요하냐,weather
정선 날씨 춥다,weather
영양 맑니,weather
진도 날씨 춥다,weather
나주 날씨 덥다,weather
화성 날씨 흐리다,weather
연천 날씨 좋니,weather
태안 추울까,weather
광양 덥다,weather
의령 날씨 춥다,weather
천안 우산 쓸까,weather
영월 춥다,weather
태안 날씨 흐릴까,weather
동해 눈 온다,weather
일산 날씨 덥다,weather
구미 우산 필요하다,weather
하동 눈 온다,weather
하동 날씨 덥다,weather
용산 우산 필요하니,weather
고창 날씨 어떻다,weather
양산 더울까,weather
안양 맑다,weather
홍성 우산 챙기다,weather
순창 날씨 더울까,weather
부천 우산 써야 할까,weather
공주 우산 필요하다,weather
하남 흐릴까,weather
영월 흐리다,weather
횡성 우산 써야하니,weather
광양 날씨 더울까,weather
영덕 우산 챙기다,weather
진천 우산 챙길까,weather
강진 날씨 좋니,weather
군위 날씨 흐리니,weather
의왕 덥다,weather
서산 날씨 맑다,weather
금산 날씨 어떠니,weather
안성 흐리냐,weather
울릉 우산 가져갈까,weather
장성 날씨 흐리냐,weather
포항 우산 챙겨야해,weather
김포 맑니,weather
장수 우산 써야 할까,weather
완주 춥냐,weather
청송 날씨 덥냐,weather
광명 날씨 덥니,weather
제천 우산 써야 할까,weather
용산 춥냐,weather
김천 춥냐,weather
고흥 비오냐,weather
동두천 우산 필요해,weather
부안 날씨 흐릴까,weather
남원 날씨 좋니,weather
익산 우산 챙길까,weather
부천 날씨 흐리니,weather
용인 우산 필요할까,weather
사천 흐리냐,weather
미추홀 눈 올까,weather
양평 날씨 어떠니,weather
광주 날씨 춥냐,weather
고창 날씨 어때,weather
김해 눈 오니,weather
영월 날씨 춥냐,weather
영천 비오냐,weather
순창 우산 필요하냐,weather
구리 날씨 춥냐,weather
영덕 흐릴까,weather
정읍 날씨 어떠니,weather
진도 우산 써야하니,weather
봉화 날씨 추울까,weather
경산 비오니,weather
함양 흐리냐,weather
양평 날씨 맑을까,weather
영천 덥니,weather
이천 더울까,weather
천안 맑냐,weather
군포 날씨 춥냐,weather
태백 우산 챙겨야해,weather
서천 우산 챙겨야해,weather
영주 덥니,weather
성남 날씨 더울까,weather
상주 흐릴까,weather
하동 춥니,weather
진천 날씨 더울까,weather
청송 우산 필요하냐,weather
증평 우산 필요해,weather
천안 우산 챙겨야해,weather
경주 날씨 맑냐,weather
파주 우산 챙겨야 할까,weather
봉화 비오냐,weather
천안 날씨 더울까,weather
성남 날씨 춥냐,weather
거창 날씨 흐리냐,weather
해운대 눈 오냐,weather
아산 날씨 덥니,weather
음성 날씨 더울까,weather
예산 흐리냐,weather
보령 우산 써야하니,weather
포천 날씨 맑니,weather
울릉 흐리냐,weather
인제 맑니,weather
김제 우산 필요하니,weather
안성 날씨 좋니,weather
제천 날씨 추울까,weather
순천 우산 필요할까,weather
파주 우산 필요할까,weather
의정부 맑냐,weather
영양 우산 챙겨야 할까,weather
청양 맑니,weather
고흥 비오니,weather
제주 날씨 좋니,weather
전주 맑니,weather
성남 날씨 어떠냐,weather
곡성 우산 챙겨야 할까,weather
정선 우산 필요할까,weather
칠곡 날씨 춥냐,weather
부천 날씨 어때,weather
서산 우산 필요하니,weather
성주 날씨 흐리냐,weather
광양 날씨 좋니,weather
부여 맑니,weather
천안 날씨 맑냐,weather
의왕 날씨 춥냐,weather
용산 날씨 더울까,weather
삼척 날씨 더울까,weather
용인 날씨 춥냐,weather
천안 날씨 흐리냐,weather
산청 눈 오니,weather
홍성 날씨 좋니,weather
의정부 날씨 흐리냐,weather
음성 비오냐,weather
안산 춥냐,weather
울진 비 올까,weather
진천 덥니,weather
순창 우산 가져갈까,weather
포항 우산 쓸까,weather
봉화 우산 챙겨야 할까,weather
창녕 눈 올까,weather
영천 흐리니,weather
증평 날씨 어때,weather
서산 우산 챙길까,weather
경산 날씨 춥니,weather
김제 흐릴까,weather
하동 우산 필요하니,weather
군산 눈 오냐,weather
용인 날씨 맑니,weather
부천 흐리니,weather
의령 덥냐,weather
대구 더울까,weather
오산 우산 써야 할까,weather
제주 더울까,weather
상주 춥냐,weather
영천 우산 필요하니,weather
군위 우산 챙길까,weather
원주 날씨 춥냐,weather
가평 우산 필요할까,weather
시흥 춥니,weather
정선 우산 가져가야하니,weather
고창 맑냐,weather
구미 날씨 어떠니,weather
부여 우산 써야하니,weather
음성 우산 필요하니,weather
강릉 우산 가져가야하니,weather
의왕 우산 챙겨야해,weather
보은 우산 가져갈까,weather
울진 날씨 어떠니,weather
공주 맑니,weather
가평 날씨 흐리니,weather
용산 날씨 흐리냐,weather
경주 우산 필요할까,weather
김제 더울까,weather
완주 우산 써야하니,weather
영주 춥냐,weather
괴산 우산 챙겨야해,weather
양양 날씨 어떠냐,weather
의정부 우산 필요해,weather
부천 눈 오니,weather
광명 우산 필요하니,weather
속초 흐리냐,weather
괴산 우산 챙겨야 할까,weather
완주 우산 필요할까,weather
강릉 날씨 춥냐,weather
강진 맑냐,weather
고창 날씨 덥니,weather
충주 우산 쓸까,weather
김해 춥냐,weather
부여 맑냐,weather
화순 우산 챙길까,weather
나주 날씨 맑니,weather
순천 덥냐,weather
연천 흐리니,weather
신안 날씨 흐리냐,weather
김포 날씨 맑냐,weather
영천 날씨 어때,weather
안산 춥니,weather
군포 더울까,weather
경산 덥니,weather
순천 흐리니,weather
광주 비오니,weather
김포 날씨 덥냐,weather
시흥 우산 써야하니,weather
함양 맑니,weather
횡성 날씨 춥냐,weather
제천 우산 필요하냐,weather
가평 맑냐,weather
성주 날씨 흐리니,weather
봉화 맑을까,weather
경주 비오냐,weather
강릉 춥니,weather
과천 흐리니,weather
고흥 날씨 춥냐,weather
연천 날씨 맑냐,weather
구미 비 올까,weather
양주 날씨 춥니,weather
횡성 우산 필요해,weather
구리 날씨 맑냐,weather
영암 우산 챙겨야해,weather
산청 맑니,weather
단양 우산 필요할까,weather
임실 비오냐,weather
속초 덥냐,weather
부안 날씨 맑냐,weather
천안 날씨 덥니,weather
장흥 날씨 덥니,weather
평택 춥냐,weather
완도 춥니,weather
보성 우산 필요하니,weather
문경 맑냐,weather
인제 눈 올까,weather
포항 날씨 더울까,weather
아산 날씨 좋니,weather
보성 우산 가져가야하니,weather
예산 비 올까,weather
익산 날씨 맑을까,weather
안양 더울까,weather
완주 우산 챙겨야 할까,weather
포천 우산 챙길까,weather
목포 맑니,weather
상주 비오니,weather
상주 우산 필요하니,weather
인제 흐리냐,weather
합천 날씨 좋니,weather
장흥 날씨 어떠냐,weather
정읍 덥니,weather
남양주 우산 필요하니,weather
보은 날씨 맑니,weather
창원 비오냐,weather
제천 우산 챙겨야 할까,weather
영동 눈 올까,weather
함평 날씨 춥냐,weather
영광 우산 쓸까,weather
아산 날씨 맑냐,weather
순창 흐릴까,weather
논산 춥니,weather
군위 날씨 추울까,weather
여주 우산 챙겨야 할까,weather
영암 우산 필요할까,weather
신안 흐릴까,weather
논산 우산 챙길까,weather
연천 눈 오니,weather
옥천 우산 써야 할까,weather
예산 덥니,weather
가평 맑을까,weather
의왕 날씨 어떠냐,weather
청주 비 올까,weather
오산 날씨 춥냐,weather
사천 우산 챙길까,weather
시흥 날씨 좋니,weather
음성 눈 오냐,weather
구례 춥냐,weather
구례 덥냐,weather
김제 날씨 흐리냐,weather
양구 날씨 덥냐,weather
장성 우산 챙겨야해,weather
동해 우산 필요해,weather
장흥 더울까,weather
태안 날씨 춥니,weather
상주 흐리냐,weather
가평 우산 필요하니,weather
양주 우산 챙겨야해,weather
화천 춥니,weather
강릉 비오냐,weather
광주 우산 써야하니,weather
제천 날씨 맑냐,weather
의왕 날씨 흐리냐,weather
영월 날씨 좋니,weather
계룡 눈 오냐,weather
서천 추울까,weather
논산 우산 쓸까,weather
동두천 우산 챙겨야 할까,weather
평택 덥니,weather
의령 날씨 덥냐,weather
고양 덥니,weather
칠곡 우산 챙길까,weather
영천 날씨 어떠냐,weather
횡성 우산 필요할까,weather
고성 눈 올까,weather
남해 우산 쓸까,weather
장성 비 올까,weather
양평 날씨 어때,weather
광양 흐리니,weather
광양 우산 필요할까,weather
보성 날씨 더울까,weather
양산 날씨 춥냐,weather
청양 날씨 흐리니,weather
하남 눈 올까,weather
순천 날씨 흐리냐,weather
군위 우산 가져가야하니,weather
하남 비오니,weather
순천 우산 챙길까,weather
순창 날씨 맑니,weather
아산 날씨 춥니,weather
안동 맑을까,weather
익산 우산 챙겨야 할까,weather
제천 우산 필요해,weather
울진 우산 필요해,weather
고성 우산 쓸까,weather
해남 날씨 맑니,weather
부안 날씨 덥니,weather
남해 우산 써야 할까,weather
거제 흐리냐,weather
구리 우산 필요하니,weather
청양 비오니,weather
제주 날씨 맑을까,weather
이천 날씨 흐리니,weather
거창 더울까,weather
안양 우산 필요해,weather
양양 우산 챙겨야해,weather
보령 덥냐,weather
영천 날씨 덥니,weather
남양주 날씨 추울까,weather
목포 흐리니,weather
해남 더울까,weather
파주 우산 가져갈까,weather
구례 눈 오냐,weather
군산 춥냐,weather
군포 날씨 흐리냐,weather
양산 우산 가져갈까,weather
예천 흐리니,weather
영암 우산 필요하냐,weather
아산 맑을까,weather
예산 우산 챙길까,weather
연천 날씨 흐리냐,weather
홍성 날씨 맑냐,weather
영주 흐리냐,weather
거제 우산 챙겨야 할까,weather
광명 우산 챙겨야 할까,weather
화성 우산 필요해,weather
예산 우산 써야 할까,weather
고창 우산 필요하냐,weather
화순 날씨 맑니,weather
구례 우산 가져가야하니,weather
일산 우산 가져가야하니,weather
울릉 흐릴까,weather
음성 더울까,weather
무주 눈 오니,weather
삼척 더울까,weather
창녕 날씨 춥냐,weather
계룡 더울까,weather
보은 흐리니,weather
의령 흐릴까,weather
남원 맑냐,weather
청송 우산 가져가야하니,weather
계룡 맑냐,weather
성주 날씨 덥니,weather
영암 우산 써야하니,weather
수원 날씨 덥냐,weather
봉화 흐리니,weather
나주 눈 오니,weather
안동 흐리냐,weather
진주 흐리냐,weather
해운대 날씨 춥니,weather
속초 날씨 흐릴까,weather
밀양 날씨 춥냐,weather
구미 맑니,weather
임실 날씨 춥니,weather
태안 우산 필요해,weather
군포 우산 써야 할까,weather
순창 춥니,weather
고양 우산 챙겨야해,weather
순창 날씨 맑을까,weather
보성 날씨 어떠니,weather
당진 날씨 어때,weather
진안 우산 필요할까,weather
영덕 날씨 맑냐,weather
금산 날씨 덥니,weather
홍성 흐리냐,weather
상주 우산 쓸까,weather
영월 날씨 흐리니,weather
전주 비오냐,weather
창원 춥냐,weather
곡성 날씨 좋니,weather
화천 더울까,weather
용인 날씨 덥냐,weather
의령 우산 쓸까,weather
진안 우산 필요해,weather
임실 맑을까,weather
천안 덥니,weather
아산 덥냐,weather
합천 덥냐,weather
영천 우산 가져갈까,weather
안동 우산 챙길까,weather
나주 날씨 더울까,weather
안동 우산 필요해,weather
삼척 날씨 어때,weather
고령 날씨 어떠냐,weather
상주 맑냐,weather
함양 날씨 덥냐,weather
안산 날씨 좋니,weather
영주 우산 써야하니,weather
안성 맑니,weather
김천 날씨 흐리냐,weather
청송 흐리냐,weather
평택 날씨 더울까,weather
천안 우산 챙겨야 할까,weather
정선 우산 챙겨야해,weather
의왕 우산 써야 할까,weather
속초 날씨 더울까,weather
목포 추울까,weather
봉화 날씨 흐리냐,weather
증평 날씨 맑니,weather
안동 날씨 흐리냐,weather
의왕 날씨 추울까,weather
진안 비 올까,weather
창녕 우산 쓸까,weather
오산 비오냐,weather
사천 날씨 어떠니,weather
영암 날씨 흐릴까,weather
삼척 날씨 흐릴까,weather
서산 날씨 춥냐,weather
원주 우산 챙겨야 할까,weather
과천 비 올까,weather
고성 우산 가져가야하니,weather
제천 흐리니,weather
영암 눈 올까,weather
이천 날씨 어떠냐,weather
동두천 비오니,weather
목포 날씨 흐리냐,weather
용인 흐리냐,weather
이천 흐릴까,weather
장수 날씨 흐리니,weather
고흥 날씨 흐릴까,weather
창녕 우산 필요할까,weather
철원 날씨 덥냐,weather
창원 날씨 흐릴까,weather
영동 날씨 덥니,weather
포천 우산 필요하냐,weather
청송 춥니,weather
동두천 비오냐,weather
울진 비오니,weather
청양 우산 필요해,weather
동해 날씨 흐리니,weather
익산 날씨 춥냐,weather
강릉 우산 챙겨야 할까,weather
청주 비오니,weather
하동 날씨 맑냐,weather
광양 비오냐,weather
밀양 우산 가져가야하니,weather
영덕 우산 가져갈까,weather
해운대 날씨 춥냐,weather
장수 더울까,weather
양구 우산 챙겨야해,weather
밀양 비 올까,weather
성주 비오냐,weather
보령 날씨 맑니,weather
영양 흐리니,weather
김해 우산 필요하냐,weather
가평 우산 필요하냐,weather
창원 날씨 덥냐,weather
금산 맑니,weather
남해 춥냐,weather
창원 우산 써야 할까,weather
거창 우산 써야하니,weather
원주 우산 쓸까,weather
해운대 우산 필요해,weather
청주 우산 가져가야하니,weather
문경 날씨 흐리냐,weather
계룡 우산 필요하니,weather
부여 날씨 어떠니,weather
사천 우산 필요하니,weather
목포 눈 오니,weather
봉화 날씨 맑니,weather
영암 덥니,weather
횡성 눈 오냐,weather
홍천 맑냐,weather
평창 우산 챙겨야 할까,weather
춘천 흐리냐,weather
김해 우산 챙겨야해,weather
서산 맑을까,weather
구미 날씨 흐리냐,weather
양주 날씨 맑냐,weather
시흥 눈 올까,weather
평택 날씨 어때,weather
목포 비 올까,weather
광양 날씨 어떠냐,weather
여수 날씨 어때,weather
하동 우산 써야 할까,weather
홍천 우산 가져가야하니,weather
광명 날씨 더울까,weather
공주 날씨 흐리니,weather
군포 눈 올까,weather
춘천 춥니,weather
목포 날씨 어떠니,weather
창원 더울까,weather
부여 우산 필요할까,weather
군포 날씨 덥니,weather
계룡 우산 챙겨야해,weather
양구 우산 가져가야하니,weather
의정부 덥니,weather
평택 우산 필요할까,weather
군위 우산 필요하냐,weather
안성 우산 쓸까,weather
장흥 날씨 어떠니,weather
보령 비오냐,weather
제천 우산 챙겨야해,weather
논산 덥니,weather
보령 춥니,weather
영천 비오니,weather
오산 날씨 맑냐,weather
과천 우산 써야하니,weather
화천 우산 필요할까,weather
사천 날씨 흐리니,weather
정읍 흐리냐,weather
양평 맑냐,weather
강진 우산 필요하니,weather
산청 우산 써야 할까,weather
부여 날씨 흐리냐,weather
군위 우산 써야 할까,weather
안성 우산 써야 할까,weather
칠곡 날씨 흐리니,weather
양산 눈 올까,weather
양평 날씨 흐릴까,weather
김포 우산 필요할까,weather
양양 눈 올까,weather
남원 우산 가져갈까,weather
공주 날씨 맑니,weather
태안 날씨 맑니,weather
진주 우산 써야하니,weather
성남 우산 필요할까,weather
보령 날씨 어떠니,weather
울릉 우산 챙길까,weather
군포 흐리냐,weather
부천 추울까,weather
익산 날씨 흐리니,weather
보성 날씨 맑니,weather
화순 날씨 맑냐,weather
문경 날씨 맑니,weather
동두천 우산 챙길까,weather
고창 덥니,weather
안양 덥냐,weather
장성 날씨 맑냐,weather
예산 눈 오냐,weather
성주 눈 올까,weather
울릉 맑을까,weather
군위 춥니,weather
구례 날씨 춥냐,weather
예산 덥냐,weather
이천 덥냐,weather
임실 날씨 맑니,weather
영천 우산 쓸까,weather
군위 날씨 좋니,weather
칠곡 날씨 추울까,weather
영암 비오냐,weather
옥천 날씨 흐리냐,weather
동해 날씨 맑냐,weather
일산 우산 필요해,weather
구례 날씨 어떠냐,weather
해남 눈 올까,weather
장흥 우산 써야 할까,weather
진천 더울까,weather
진주 눈 오니,weather
포천 비오냐,weather
남양주 더울까,weather
고성 우산 필요할까,weather
진주 흐리니,weather
미추홀 우산 쓸까,weather
남양주 날씨 맑을까,weather
논산 비 올까,weather
남원 우산 필요하냐,weather
보성 눈 오니,weather
사천 우산 필요할까,weather
강진 우산 쓸까,weather
영양 날씨 춥냐,weather
계룡 날씨 좋니,weather
함평 우산 필요하니,weather
진천 추울까,weather
울진 날씨 흐리냐,weather
영주 날씨 좋니,weather
함평 우산 챙겨야해,weather
시흥 날씨 흐릴까,weather
해남 눈 오냐,weather
정읍 눈 올까,weather
서천 날씨 더울까,weather
울진 눈 오니,weather
통영 맑니,weather
광양 흐릴까,weather
충주 맑니,weather
광양 날씨 어때,weather
구리 우산 써야하니,weather
구미 날씨 추울까,weather
춘천 날씨 추울까,weather
진안 덥냐,weather
임실 우산 쓸까,weather
의정부 더울까,weather
대구 추울까,weather
구례 춥니,weather
계룡 눈 올까,weather
제주 우산 챙겨야 할까,weather
평창 우산 필요하니,weather
합천 날씨 흐릴까,weather
구미 우산 써야하니,weather
울릉 날씨 맑을까,weather
삼척 흐리니,weather
해운대 우산 챙길까,weather
함평 날씨 맑니,weather
양주 눈 올까,weather
장흥 날씨 어때,weather
원주 우산 챙겨야해,weather
정읍 날씨 맑을까,weather
안동 눈 오냐,weather
포항 우산 챙길까,weather
밀양 춥니,weather
진천 우산 써야하니,weather
예산 날씨 덥냐,weather
하남 날씨 더울까,weather
영월 날씨 추울까,weather
함양 흐릴까,weather
전주 날씨 추울까,weather
광양 덥니,weather
원주 덥니,weather
안산 비오냐,weather
강진 눈 올까,weather
경주 우산 써야하니,weather
예천 우산 챙겨야해,weather
영월 맑을까,weather
오산 눈 오냐,weather
완주 날씨 흐릴까,weather
증평 비오니,weather
구례 우산 필요하냐,weather
진주 날씨 맑을까,weather
양양 우산 챙겨야 할까,weather
당진 우산 필요할까,weather
포천 우산 써야하니,weather
하남 날씨 흐리냐,weather
홍천 날씨 맑냐,weather
산청 우산 써야하니,weather
영광 우산 필요하냐,weather
김포 날씨 덥니,weather
밀양 날씨 흐릴까,weather
괴산 날씨 더울까,weather
고령 추울까,weather
군산 흐리냐,weather
횡성 우산 써야 할까,weather
청양 우산 챙겨야해,weather
철원 추울까,weather
안산 날씨 춥니,weather
양양 날씨 흐리냐,weather
양주 비 올까,weather
양평 날씨 좋니,weather
완주 더울까,weather
음성 날씨 어떠니,weather
인제 덥니,weather
안성 우산 챙겨야해,weather
합천 흐리니,weather
영월 맑니,weather
양양 우산 챙길까,weather
영양 날씨 어떠냐,weather
부여 비오니,weather
안성 날씨 어때,weather
광주 날씨 추울까,weather
순창 우산 챙겨야해,weather
춘천 우산 필요하니,weather
울진 눈 올까,weather
강릉 흐리냐,weather
의령 흐리냐,weather
평창 날씨 흐릴까,weather
완도 우산 필요해,weather
단양 덥냐,weather
진도 우산 가져갈까,weather
해남 날씨 흐릴까,weather
여주 우산 써야하니,weather
태백 눈 오냐,weather
김제 춥냐,weather
광명 비오니,weather
양평 맑니,weather
태안 날씨 덥니,weather
남양주 우산 챙겨야 할까,weather
수원 눈 오냐,weather
광주 춥냐,weather
음성 흐리니,weather
봉화 우산 가져가야하니,weather
서산 우산 써야하니,weather
경산 흐릴까,weather
구미 눈 올까,weather
이천 흐리냐,weather
구례 추울까,weather
칠곡 우산 필요하냐,weather
태안 날씨 어떠니,weather
장성 날씨 춥냐,weather
단양 우산 가져가야하니,weather
가평 비오니,weather
신안 날씨 어떠니,weather
거창 날씨 어떠니,weather
군산 눈 오니,weather
구리 춥니,weather
부천 날씨 흐릴까,weather
합천 우산 필요할까,weather
김포 우산 써야하니,weather
남원 눈 오니,weather
포천 덥니,weather
수원 눈 올까,weather
용인 맑냐,weather
곡성 더울까,weather
김포 날씨 맑을까,weather
곡성 춥냐,weather
논산 눈 오니,weather
영광 눈 올까,weather
시흥 날씨 춥니,weather
미추홀 우산 써야 할까,weather
정읍 우산 가져가야하니,weather
옥천 우산 챙길까,weather
구리 날씨 춥니,weather
괴산 비오니,weather
담양 우산 필요하냐,weather
횡성 우산 필요하니,weather
정읍 우산 필요하냐,weather
금산 눈 오니,weather
해운대 맑을까,weather
칠곡 흐릴까,weather
해남 날씨 추울까,weather
파주 우산 써야 할까,weather
보은 날씨 흐릴까,weather
동두천 날씨 흐리니,weather
홍천 추울까,weather
신안 더울까,weather
함안 날씨 흐리냐,weather
부여 춥니,weather
김천 춥니,weather
경주 우산 챙겨야 할까,weather
창원 우산 필요하니,weather
서산 덥니,weather
속초 비오니,weather
강릉 우산 써야 할까,weather
하남 우산 가져갈까,weather
구리 날씨 추울까,weather
경산 날씨 좋니,weather
제천 날씨 더울까,weather
공주 우산 챙겨야 할까,weather
함평 춥니,weather
화성 날씨 알아봐줘,weather
창녕 비 오는지 말해 줘,weather
양산 비 오는지 말해 줘,weather
강릉 비 오는지 말해 줄 수 있니,weather
하남 비 오는지 말해 줘주라,weather
평창 눈 오는지 알고싶어,weather
양구 비 올지 말해 줘주세요,weather
이천 눈 오는지 말해 줘봐,weather
청양 비 올지 알아봐줘,weather
순창 비 오는지 말해 줄 수 있니,weather
서천 비 올지 말해 줘봐,weather
부안 비 오는지 알려줄래,weather
진안 날씨 알 수 있을까,weather
익산 눈 오는지 알 수 있을까,weather
안성 눈 오는지 말해 줘봐,weather
장흥 날씨 알 수 있을까,weather
보성 날씨 알아봐줘,weather
시흥 비 오는지 알려줄래,weather
청주 비 오는지 알려주라,weather
인제 비 오는지 말해 줘줘,weather
목포 비 올지 말해 줄 수 있니,weather
영양 비 오는지 부탁 합니다,weather
영광 눈 오는지 알려줄래,weather
사천 비 오는지 말해 줘봐,weather
일산 눈 오는지 말해 줄 수 있니,weather
정선 눈 오는지 알려주세요,weather
영주 비 올지 알 수 있을까,weather
청주 비 올지 말해 줘봐,weather
아산 비 올지 알려주라,weather
고성 비 오는지 알 수 있을까,weather
광양 비 올지 알 수 있을까,weather
논산 날씨 말해 줘봐,weather
용인 비 올지 말해 줘주세요,weather
광주 날씨 알고싶어,weather
신안 날씨 말해 줘주세요,weather
안산 비 오는지 부탁 합니다,weather
안양 날씨 말해 줘,weather
당진 비 올지 부탁 해,weather
평창 비 올지 알려주세요,weather
창녕 날씨 알고싶어,weather
용산 비 올지 말해 줘줘,weather
양양 날씨 알려줄래,weather
옥천 비 올지 알려줄래,weather
구미 눈 올지 부탁 해,weather
안산 비 올지 말해 줄 수 있니,weather
예천 눈 올지 알려줄래,weather
사천 날씨 부탁 합니다,weather
구례 비 올지 알려줄 수 있니,weather
화성 비 오는지 말해 줘줘,weather
양평 비 오는지 알 수 있을까,weather
함평 눈 올지 알 수 있을까,weather
춘천 날씨 말해 줘줘,weather
천안 비 오는지 알려줄래,weather
고창 비 오는지 알려줘,weather
장수 날씨 부탁 해,weather
수원 눈 오는지 말해 줘,weather
무주 눈 올지 알려줄 수 있니,weather
충주 눈 올지 알 수 있을까,weather
김천 비 올지 알려줄래,weather
무안 비 올지 말해 줘줘,weather
수원 눈 올지 알려줄래,weather
증평 날씨 말해 줄 수 있니,weather
청송 비 오는지 알려줄 수 있니,weather
서천 비 올지 알려줄래,weather
화순 비 올지 말해 줄 수 있니,weather
속초 눈 오는지 알려줘,weather
칠곡 비 오는지 알려줄 수 있니,weather
경산 눈 올지 알려주라,weather
청송 눈 오는지 말해 줘줘,weather
이천 비 올지 말해 줘봐,weather
함평 눈 오는지 알려주라,weather
성남 눈 올지 알려주라,weather
상주 날씨 말해 줘봐,weather
속초 날씨 알 수 있을까,weather
진안 비 오는지 말해 줘주라,weather
삼척 비 오는지 알려주라,weather
곡성 날씨 알려줄 수 있니,weather
영암 눈 오는지 말해 줘주세요,weather
서천 날씨 알려줄 수 있니,weather
의정부 날씨 말해 줘봐,weather
거제 비 올지 부탁 합니다,weather
당진 비 오는지 부탁 해,weather
부천 날씨 말해 줘줘,weather
논산 비 오는지 말해 줄 수 있니,weather
의령 비 올지 말해 줘줘,weather
강진 눈 오는지 알려주세요,weather
군산 비 올지 부탁 해,weather
제주 눈 오는지 알려줄 수 있니,weather
증평 비 오는지 알 수 있을까,weather
서천 날씨 알려줘,weather
일산 날씨 말해 줘주라,weather
양주 비 올지 부탁 해,weather
통영 눈 오는지 부탁 합니다,weather
군산 눈 오는지 알아봐줘,weather
창원 비 올지 말해 줘주라,weather
이천 비 오는지 알 수 있을까,weather
일산 눈 올지 알려주세요,weather
김해 날씨 말해 줘줘,weather
태안 날씨 말해 줘주라,weather
홍성 날씨 알려주세요,weather
논산 비 오는지 말해 줘줘,weather
성남 눈 오는지 말해 줄 수 있니,weather
거제 비 오는지 알려줄래,weather
광주 날씨 알려줄 수 있니,weather
군포 비 올지 알려주세요,weather
경산 비 올지 부탁 해,weather
당진 비 올지 말해 줘,weather
울릉 눈 오는지 알려줘,weather
여주 비 오는지 알려줄래,weather
증평 눈 올지 말해 줘,weather
화성 눈 올지 알려주라,weather
가평 비 올지 알려줄래,weather
함양 눈 오는지 알아봐줘,weather
군포 눈 올지 알려줄래,weather
경산 눈 오는지 알려주세요,weather
사천 비 오는지 말해 줘줘,weather
보은 눈 올지 알려줘,weather
양주 눈 올지 알려줄래,weather
영동 날씨 알 수 있을까,weather
당진 눈 오는지 말해 줘봐,weather
홍천 눈 올지 알 수 있을까,weather
상주 비 올지 말해 줘줘,weather
금산 비 오는지 부탁 합니다,weather
창원 비 오는지 알려주세요,weather
밀양 눈 올지 부탁 해,weather
정읍 비 오는지 부탁 해,weather
경산 날씨 부탁 합니다,weather
시흥 비 올지 알아봐줘,weather
포천 비 오는지 부탁 합니다,weather
양평 비 올지 알려줘,weather
금산 눈 오는지 말해 줘봐,weather
하동 날씨 말해 줘,weather
수원 비 오는지 알려주세요,weather
양구 날씨 알고싶어,weather
장성 눈 오는지 말해 줘주세요,weather
홍성 비 오는지 부탁 해,weather
고령 비 올지 말해 줘봐,weather
미추홀 비 오는지 알려주세요,weather
화성 비 오는지 알아봐줘,weather
양평 비 올지 말해 줘봐,weather
속초 눈 올지 알아봐줘,weather
김해 날씨 말해 줘주세요,weather
예천 눈 오는지 말해 줘줘,weather
평창 비 오는지 부탁 합니다,weather
영광 비 오는지 말해 줘주라,weather
평택 날씨 말해 줘주세요,weather
장수 눈 오는지 부탁 해,weather
해남 눈 오는지 알려주세요,weather
김천 비 올지 말해 줘줘,weather
일산 비 오는지 알아봐줘,weather
경산 비 오는지 알려주세요,weather
합천 눈 오는지 부탁 합니다,weather
전주 눈 올지 알려주라,weather
고흥 날씨 알려주세요,weather
아산 비 올지 알려줄 수 있니,weather
함양 비 오는지 알려줄 수 있니,weather
의왕 비 오는지 말해 줘봐,weather
나주 눈 올지 말해 줘봐,weather
밀양 비 오는지 알려줄 수 있니,weather
파주 비 올지 말해 줘,weather
나주 날씨 알 수 있을까,weather
전주 눈 오는지 알아봐줘,weather
부안 날씨 말해 줘줘,weather
여주 그럼 우산 가져가야하니,weather
포항 그럼 날씨 추울까,weather
당진 그럼 우산 써야하니,weather
합천 그럼 우산 챙겨야 할까,weather
여주 그럼 우산 쓸까,weather
동해 그럼 춥냐,weather
제주 그럼 날씨 맑니,weather
제천 그럼 춥냐,weather
남해 그럼 우산 써야하니,weather
동두천 그럼 흐리냐,weather
문경 그럼 덥냐,weather
영천 그럼 날씨 좋니,weather
양평 그럼 우산 필요하냐,weather
구리 그럼 우산 써야 할까,weather
시흥 그럼 우산 챙겨야 할까,weather
임실 그럼 비 올까,weather
홍천 그럼 춥니,weather
칠곡 그럼 우산 필요할까,weather
영암 그럼 우산 쓸까,weather
속초 그럼 날씨 좋니,weather
김제 그럼 날씨 좋니,weather
신안 그럼 날씨 더울까,weather
수원 그럼 우산 필요하냐,weather
동해 그럼 날씨 추울까,weather
여수 그럼 눈 오냐,weather
구미 그럼 눈 오냐,weather
고성 그럼 날씨 어떠니,weather
양양 그럼 우산 가져갈까,weather
경산 그럼 우산 써야 할까,weather
동해 그럼 비오니,weather
군산 그럼 날씨 어때,weather
안성 그럼 날씨 흐리니,weather
강릉 그럼 우산 챙길까,weather
여주 그러면 우산 가져가야하니,weather
포항 그러면 날씨 추울까,weather
당진 그러면 우산 써야하니,weather
합천 그러면 우산 챙겨야 할까,weather
여주 그러면 우산 쓸까,weather
동해 그러면 춥냐,weather
제주 그러면 날씨 맑니,weather
제천 그러면 춥냐,weather
남해 그러면 우산 써야하니,weather
동두천 그러면 흐리냐,weather
문경 그러면 덥냐,weather
영천 그러면 날씨 좋니,weather
양평 그러면 우산 필요하냐,weather
구리 그러면 우산 써야 할까,weather
시흥 그러면 우산 챙겨야 할까,weather
임실 그러면 비 올까,weather
홍천 그러면 춥니,weather
칠곡 그러면 우산 필요할까,weather
영암 그러면 우산 쓸까,weather
속초 그러면 날씨 좋니,weather
김제 그러면 날씨 좋니,weather
신안 그러면 날씨 더울까,weather
수원 그러면 우산 필요하냐,weather
동해 그러면 날씨 추울까,weather
여수 그러면 눈 오냐,weather
구미 그러면 눈 오냐,weather
고성 그러면 날씨 어떠니,weather
양양 그러면 우산 가져갈까,weather
경산 그러면 우산 써야 할까,weather
동해 그러면 비오니,weather
군산 그러면 날씨 어때,weather
안성 그러면 날씨 흐리니,weather
강릉 그러면 우산 챙길까,weather
여주 이제 우산 가져가야하니,weather
포항 이제 날씨 추울까,weather
당진 이제 우산 써야하니,weather
합천 이제 우산 챙겨야 할까,weather
여주 이제 우산 쓸까,weather
동해 이제 춥냐,weather
제주 이제 날씨 맑니,weather
제천 이제 춥냐,weather
남해 이제 우산 써야하니,weather
동두천 이제 흐리냐,weather
문경 이제 덥냐,weather
영천 이제 날씨 좋니,weather
양평 이제 우산 필요하냐,weather
구리 이제 우산 써야 할까,weather
시흥 이제 우산 챙겨야 할까,weather
임실 이제 비 올까,weather
홍천 이제 춥니,weather
칠곡 이제 우산 필요할까,weather
영암 이제 우산 쓸까,weather
속초 이제 날씨 좋니,weather
김제 이제 날씨 좋니,weather
신안 이제 날씨 더울까,weather
수원 이제 우산 필요하냐,weather
동해 이제 날씨 추울까,weather
여수 이제 눈 오냐,weather
구미 이제 눈 오냐,weather
고성 이제 날씨 어떠니,weather
양양 이제 우산 가져갈까,weather
경산 이제 우산 써야 할까,weather
동해 이제 비오니,weather
군산 이제 날씨 어때,weather
안성 이제 날씨 흐리니,weather
강릉 이제 우산 챙길까,weather
오후 횡성 흐릴까,weather
오후 영동 우산 쓸까,weather
오후 양산 맑냐,weather
오후 사천 눈 오니,weather
오후 광양 눈 오냐,weather
오후 충주 우산 가져갈까,weather
오후 함평 우산 가져가야하니,weather
오후 미추홀 날씨 좋니,weather
오후 상주 춥니,weather
오후 안산 우산 써야 할까,weather
오후 울릉 우산 필요하냐,weather
오후 문경 흐리니,weather
오후 청양 날씨 흐리냐,weather
오후 평택 비 올까,weather
오후 고흥 맑냐,weather
오후 의성 비오니,weather
오후 사천 더울까,weather
오후 안동 우산 쓸까,weather
오후 사천 눈 오냐,weather
오전 횡성 흐릴까,weather
오전 영동 우산 쓸까,weather
오전 양산 맑냐,weather
오전 사천 눈 오니,weather
오전 광양 눈 오냐,weather
오전 충주 우산 가져갈까,weather
오전 함평 우산 가져가야하니,weather
오전 미추홀 날씨 좋니,weather
오전 상주 춥니,weather
오전 안산 우산 써야 할까,weather
오전 울릉 우산 필요하냐,weather
오전 문경 흐리니,weather
오전 청양 날씨 흐리냐,weather
오전 평택 비 올까,weather
오전 고흥 맑냐,weather
오전 의성 비오니,weather
오전 사천 더울까,weather
오전 안동 우산 쓸까,weather
오전 사천 눈 오냐,weather
이천 춥냐,weather
김천 날씨 덥니,weather
보성 우산 필요할까,weather
용산 맑냐,weather
동두천 맑을까,weather
거창 우산 챙겨야 할까,weather
안양 날씨 맑니,weather
포항 날씨 덥니,weather
의성 우산 써야 할까,weather
울진 우산 가져갈까,weather
태안 우산 써야하니,weather
춘천 우산 챙겨야해,weather
무안 더울까,weather
태안 비오냐,weather
보성 흐리니,weather
광양 날씨 맑니,weather
평창 우산 가져가야하니,weather
강릉 우산 필요할까,weather
영양 눈 오니,weather
예천 흐릴까,weather
무안 춥니,weather
고양 날씨 춥냐,weather
사천 날씨 흐릴까,weather
시흥 우산 가져가야하니,weather
경산 눈 올까,weather
공주 춥냐,weather
군위 눈 올까,weather
임실 날씨 좋니,weather
의왕 눈 올까,weather
김포 우산 챙겨야 할까,weather
성주 우산 필요해,weather
김천 날씨 춥니,weather
영광 날씨 어떠냐,weather
홍성 흐리니,weather
김제 춥니,weather
광명 우산 필요하냐,weather
영덕 비 올까,weather
의성 우산 필요할까,weather
보은 추울까,weather
홍성 우산 챙겨야 할까,weather
목포 흐리냐,weather
홍천 날씨 맑을까,weather
평택 날씨 좋니,weather
진도 춥냐,weather
김해 맑을까,weather
영암 춥니,weather
일산 날씨 춥냐,weather
담양 덥니,weather
연천 우산 쓸까,weather
가평 추울까,weather
거제 흐리니,weather
김천 우산 필요할까,weather
홍천 맑을까,weather
부여 날씨 덥냐,weather
하동 우산 챙겨야 할까,weather
임실 날씨 맑냐,weather
영양 날씨 맑니,weather
고흥 날씨 어때,weather
정읍 날씨 어때,weather
진주 더울까,weather
함안 춥냐,weather
여주 날씨 더울까,weather
안산 눈 올까,weather
익산 우산 챙겨야해,weather
안성 우산 가져가야하니,weather
강진 덥냐,weather
고창 흐릴까,weather
태안 날씨 흐리냐,weather
장흥 우산 필요하냐,weather
하동 흐리니,weather
평창 흐릴까,weather
안성 날씨 맑을까,weather
안동 춥니,weather
하남 우산 필요하니,weather
함평 눈 오니,weather
포항 눈 올까,weather
아산 추울까,weather
경주 우산 쓸까,weather
양산 눈 오냐,weather
정읍 우산 필요해,weather
이천 날씨 어떠니,weather
부여 우산 가져갈까,weather
태안 더울까,weather
여주 날씨 덥냐,weather
연천 우산 써야하니,weather
거제 눈 올까,weather
영월 우산 챙길까,weather
함안 날씨 흐리니,weather
고창 흐리냐,weather
화천 추울까,weather
보령 우산 가져갈까,weather
충주 흐릴까,weather
속초 더울까,weather
함안 우산 필요하냐,weather
통영 덥냐,weather
합천 날씨 맑니,weather
영주 우산 필요해,weather
영동 덥니,weather
구례 우산 챙겨야 할까,weather
제천 비 올까,weather
영월 비오냐,weather
홍성 비오냐,weather
김해 우산 필요할까,weather
무안 날씨 어떠니,weather
청도 춥냐,weather
고령 눈 올까,weather
거제 날씨 더울까,weather
안산 맑을까,weather
홍천 우산 필요하니,weather
군위 더울까,weather
양양 비오니,weather
포천 맑니,weather
삼척 날씨 맑을까,weather
경산 우산 챙겨야 할까,weather
구리 추울까,weather
경산 날씨 흐리냐,weather
광주 비오냐,weather
해운대 우산 필요하냐,weather
시흥 우산 챙길까,weather
화순 흐릴까,weather
임실 덥냐,weather
진안 눈 오냐,weather
장수 맑니,weather
해운대 날씨 추울까,weather
창원 우산 가져갈까,weather
안성 날씨 추울까,weather
거제 춥니,weather
성남 날씨 흐리니,weather
과천 춥니,weather
광주 우산 가져갈까,weather
해운대 흐리니,weather
합천 맑니,weather
익산 날씨 어떠냐,weather
성주 우산 필요하냐,weather
고양 우산 필요해,weather
신안 우산 챙겨야해,weather
진안 흐리냐,weather
울릉 날씨 덥냐,weather
당진 날씨 맑냐,weather
서천 날씨 어떠니,weather
김해 흐리냐,weather
완도 날씨 흐리냐,weather
무주 날씨 흐릴까,weather
순천 비오냐,weather
안성 우산 필요해,weather
이천 우산 챙겨야 할까,weather
고성 흐릴까,weather
미추홀 우산 챙겨야 할까,weather
정읍 맑냐,weather
연천 맑을까,weather
김제 우산 챙길까,weather
남해 우산 필요할까,weather
곡성 눈 올까,weather
옥천 맑을까,weather
제주 우산 필요할까,weather
완주 맑을까,weather
예천 날씨 춥니,weather
김해 우산 필요해,weather
대구 눈 오니,weather
밀양 맑을까,weather
임실 춥냐,weather
청양 날씨 덥니,weather
전주 춥니,weather
장흥 맑냐,weather
안성 춥니,weather
홍성 우산 챙길까,weather
영덕 우산 가져가야하니,weather
순천 우산 가져가야하니,weather
용인 비오냐,weather
구례 맑냐,weather
제주 날씨 춥냐,weather
영주 우산 가져가야하니,weather
괴산 우산 필요해,weather
의령 우산 필요하니,weather
화성 춥냐,weather
파주 날씨 맑냐,weather
파주 덥니,weather
파주 흐리냐,weather
예산 날씨 더울까,weather
장흥 우산 챙겨야 할까,weather
포항 추울까,weather
여수 날씨 춥니,weather
과천 우산 쓸까,weather
창원 날씨 춥냐,weather
구미 맑을까,weather
영천 날씨 더울까,weather
청도 우산 필요해,weather
청송 춥냐,weather
충주 날씨 춥니,weather
해남 날씨 어떠냐,weather
횡성 우산 쓸까,weather
당진 날씨 덥냐,weather
안동 덥냐,weather
부안 우산 써야하니,weather
예천 날씨 맑냐,weather
금산 춥니,weather
영월 날씨 어때,weather
김포 맑냐,weather
부안 춥니,weather
구미 날씨 덥냐,weather
평택 날씨 덥냐,weather
속초 날씨 어떠냐,weather
의왕 우산 필요할까,weather
상주 날씨 흐릴까,weather
완도 눈 오니,weather
여수 날씨 덥니,weather
사천 흐릴까,weather
김포 날씨 흐리냐,weather
임실 날씨 더울까,weather
양주 날씨 맑을까,weather
봉화 우산 써야 할까,weather
평창 눈 오냐,weather
영덕 우산 필요해,weather
거창 비 올까,weather
강릉 맑니,weather
포천 우산 가져갈까,weather
고령 우산 필요할까,weather
용인 날씨 좋니,weather
동두천 비 올까,weather
사천 날씨 더울까,weather
하동 더울까,weather
고흥 추울까,weather
고흥 날씨 덥니,weather
고양 날씨 덥냐,weather
진안 눈 오니,weather
용산 우산 필요하냐,weather
평창 춥냐,weather
진도 우산 챙길까,weather
광양 춥니,weather
군포 날씨 맑니,weather
부여 날씨 춥니,weather
화성 우산 필요할까,weather
담양 비오냐,weather
안양 비오냐,weather
춘천 흐릴까,weather
영암 비 올까,weather
의령 비오냐,weather
횡성 날씨 덥니,weather
수원 날씨 맑냐,weather
고령 맑니,weather
제천 맑을까,weather
전주 비오니,weather
서천 덥니,weather
군위 날씨 덥니,weather
제주 날씨 더울까,weather
통영 흐릴까,weather
천안 우산 필요해,weather
청도 날씨 더울까,weather
양구 날씨 어떠냐,weather
군포 맑냐,weather
거제 흐릴까,weather
곡성 날씨 맑을까,weather
인제 날씨 맑냐,weather
양평 우산 가져가야하니,weather
포항 흐리냐,weather
진천 맑냐,weather
음 익산 날씨 어때,weather
음 강진 눈 오냐,weather
음 고성 날씨 맑니,weather
음 평창 날씨 좋니,weather
음 고창 더울까,weather
음 평창 비 올까,weather
음 합천 비 올까,weather
음 순천 흐릴까,weather
음 경주 비오니,weather
음 임실 날씨 덥니,weather
음 영동 날씨 흐리니,weather
음 예천 날씨 추울까,weather
음 영암 덥냐,weather
글쎄 안산 맑냐,weather
글쎄 증평 덥냐,weather
글쎄 연천 눈 올까,weather
글쎄 과천 날씨 맑냐,weather
글쎄 양산 날씨 맑니,weather
글쎄 진안 날씨 추울까,weather
글쎄 군포 춥니,weather
글쎄 밀양 날씨 어떠냐,weather
글쎄 영월 날씨 덥냐,weather
글쎄 거창 날씨 흐리니,weather
글쎄 용산 날씨 덥니,weather
글쎄 고성 우산 가져갈까,weather
글쎄 진주 우산 필요하니,weather
다음 고양 더울까,weather
다음 청송 비오냐,weather
다음 상주 우산 챙겨야해,weather
다음 화성 날씨 맑냐,weather
다음 괴산 날씨 어떠냐,weather
다음 함양 날씨 어떠냐,weather
야 정선 덥니,weather
야 산청 우산 가져가야하니,weather
야 곡성 날씨 어떠니,weather
야 횡성 우산 챙겨야 할까,weather
야 김해 비 올까,weather
야 안동 눈 오니,weather
야 고흥 비 올까,weather
야 목포 날씨 덥니,weather
야 봉화 날씨 춥니,weather
야 남원 더울까,weather
야 청주 날씨 덥니,weather
야 포천 더울까,weather
야 정선 우산 써야 할까,weather
그러게 의왕 우산 필요해,weather
그러게 의정부 날씨 덥냐,weather
그러게 나주 날씨 덥니,weather
그러게 안성 맑냐,weather
그러게 시흥 우산 가져갈까,weather
그러게 원주 비오냐,weather
그러게 홍성 날씨 흐릴까,weather
솔직히 동두천 날씨 어때,weather
솔직히 의왕 맑을까,weather
솔직히 의정부 추울까,weather
솔직히 고령 날씨 춥냐,weather
솔직히 정읍 우산 필요하니,weather
솔직히 청주 춥냐,weather
솔직히 고성 날씨 어때,weather
솔직히 완도 맑냐,weather
아무튼 괴산 춥냐,weather
아무튼 춘천 추울까,weather
아무튼 울진 날씨 덥냐,weather
아무튼 정읍 날씨 어떠냐,weather
아무튼 계룡 날씨 흐리니,weather
아무튼 당진 맑냐,weather
아무튼 거창 날씨 어떠냐,weather
아무튼 부천 우산 가져가야하니,weather
아무튼 하남 날씨 어떠니,weather
아무튼 양구 맑을까,weather
아무튼 해남 우산 필요할까,weather
아무튼 통영 날씨 춥니,weather
아무튼 연천 덥냐,weather
게다가 원주 눈 오냐,weather
게다가 정선 날씨 맑을까,weather
게다가 안동 우산 필요하냐,weather
게다가 함양 비 올까,weather
게다가 장수 흐리니,weather
게다가 예산 날씨 어떠냐,weather
게다가 김제 맑을까,weather
게다가 서천 날씨 덥냐,weather
게다가 의성 날씨 흐릴까,weather
게다가 영천 맑냐,weather
게다가 칠곡 우산 가져갈까,weather
게다가 광명 우산 가져가야하니,weather
게다가 광명 날씨 어떠니,weather
게다가 포천 흐리냐,weather
의왕 그러게 우산 필요해,weather
의정부 그러게 날씨 덥냐,weather
나주 그러게 날씨 덥니,weather
안성 그러게 맑냐,weather
시흥 그러게 우산 가져갈까,weather
원주 그러게 비오냐,weather
홍성 그러게 날씨 흐릴까,weather
동두천 솔직히 날씨 어때,weather
의왕 솔직히 맑을까,weather
의정부 솔직히 추울까,weather
고령 솔직히 날씨 춥냐,weather
정읍 솔직히 우산 필요하니,weather
청주 솔직히 춥냐,weather
고성 솔직히 날씨 어때,weather
완도 솔직히 맑냐,weather
괴산 아무튼 춥냐,weather
춘천 아무튼 추울까,weather
울진 아무튼 날씨 덥냐,weather
정읍 아무튼 날씨 어떠냐,weather
계룡 아무튼 날씨 흐리니,weather
당진 아무튼 맑냐,weather
거창 아무튼 날씨 어떠냐,weather
부천 아무튼 우산 가져가야하니,weather
하남 아무튼 날씨 어떠니,weather
양구 아무튼 맑을까,weather
해남 아무튼 우산 필요할까,weather
통영 아무튼 날씨 춥니,weather
연천 아무튼 덥냐,weather
원주 게다가 눈 오냐,weather
정선 게다가 날씨 맑을까,weather
오늘 게다가 안동 우산 필요하냐,weather
오늘 게다가 함양 비 올까,weather
오늘 게다가 장수 흐리니,weather
모레 게다가 예산 날씨 어떠냐,weather
모레 게다가 김제 맑을까,weather
모레 게다가 서천 날씨 덥냐,weather
모레 게다가 의성 날씨 흐릴까,weather
내일 게다가 영천 맑냐,weather
내일 게다가 칠곡 우산 가져갈까,weather
내일 게다가 광명 우산 가져가야하니,weather
내일 게다가 광명 날씨 어떠니,weather
내일 게다가 포천 흐리냐,weather
영암 날씨 덥냐,weather
통영 날씨 맑니,weather
진천 맑니,weather
상주 맑니,weather
청양 비오냐,weather
예천 날씨 흐리냐,weather
목포 날씨 맑니,weather
화성 우산 필요하냐,weather
춘천 날씨 흐리냐,weather
무안 우산 가져갈까,weather
예산 추울까,weather
횡성 날씨 맑을까,weather
해운대 흐리냐,weather
홍성 비 올까,weather
홍천 눈 오니,weather
청송 날씨 흐릴까,weather
의성 춥니,weather
포항 날씨 흐리니,weather
성남 춥니,weather
경산 더울까,weather
무안 맑냐,weather
광양 우산 가져갈까,weather
성주 추울까,weather
군위 우산 챙겨야해,weather
나주 우산 가져가야하니,weather
합천 우산 써야하니,weather
평택 우산 필요해,weather
해남 날씨 좋니,weather
부안 날씨 춥냐,weather
태안 날씨 어떠냐,weather
동두천 우산 필요할까,weather
영주 날씨 맑을까,weather
파주 날씨 흐리니,weather
평택 날씨 춥니,weather
군산 맑냐,weather
파주 날씨 추울까,weather
청송 우산 필요하니,weather
일산 추울까,weather
양평 흐리니,weather
거창 맑니,weather
포항 비오니,weather
영천 우산 필요할까,weather
장수 우산 쓸까,weather
공주 비오냐,weather
해운대 추울까,weather
전주 우산 써야 할까,weather
화성 비오니,weather
해남 비 올까,weather
거창 춥냐,weather
보은 날씨 덥니,weather
삼척 날씨 맑니,weather
신안 춥니,weather
무안 흐리냐,weather
해남 날씨 더울까,weather
안양 춥냐,weather
수원 우산 가져갈까,weather
양구 우산 가져갈까,weather
여수 날씨 춥냐,weather
인제 날씨 맑을까,weather
양산 우산 가져가야하니,weather
장수 날씨 춥냐,weather
김제 날씨 맑을까,weather
부안 맑냐,weather
무안 날씨 춥니,weather
예산 우산 필요하니,weather
합천 우산 써야 할까,weather
영천 우산 써야하니,weather
일산 날씨 덥냐,weather
부여 우산 챙길까,weather
하남 우산 필요할까,weather
전주 날씨 어떠니,weather
전주 날씨 어때,weather
거제 맑냐,weather
화순 눈 오냐,weather
고흥 덥니,weather
서천 날씨 어떠냐,weather
의정부 우산 가져가야하니,weather
구미 춥니,weather
통영 흐리냐,weather
화순 비오냐,weather
순창 눈 올까,weather
완주 우산 필요하냐,weather
안양 날씨 어때,weather
예산 날씨 좋니,weather
구리 우산 가져갈까,weather
영암 우산 필요해,weather
철원 우산 챙길까,weather
문경 눈 올까,weather
보은 우산 써야 할까,weather
창녕 날씨 어때,weather
진도 맑니,weather
강릉 우산 필요하냐,weather
미추홀 우산 필요하냐,weather
군포 날씨 흐리니,weather
동두천 눈 오니,weather
성주 비오니,weather
구미 우산 가져갈까,weather
청주 우산 챙겨야 할까,weather
신안 흐리니,weather
여수 우산 필요하니,weather
오산 우산 챙겨야 할까,weather
용인 흐릴까,weather
여수 날씨 흐리냐,weather
청송 덥니,weather
양양 비오냐,weather
무주 우산 챙겨야 할까,weather
전주 맑냐,weather
울진 춥니,weather
군위 덥냐,weather
고령 우산 쓸까,weather
창녕 춥니,weather
연천 흐리냐,weather
홍천 우산 쓸까,weather
경주 우산 가져가야하니,weather
구리 흐리냐,weather
울릉 더울까,weather
부안 우산 써야 할까,weather
군위 흐릴까,weather
김포 날씨 흐릴까,weather
충주 날씨 더울까,weather
임실 우산 챙겨야해,weather
홍성 날씨 추울까,weather
울진 날씨 더울까,weather
옥천 춥냐,weather
예산 우산 챙겨야 할까,weather
김해 우산 써야 할까,weather
성주 흐릴까,weather
영월 날씨 덥니,weather
고령 우산 챙겨야해,weather
합천 날씨 춥니,weather
포천 날씨 추울까,weather
남양주 비 올까,weather
장성 날씨 흐리니,weather
광주 눈 오냐,weather
과천 우산 필요해,weather
옥천 날씨 맑니,weather
정읍 비 올까,weather
통영 날씨 흐리냐,weather
영덕 날씨 더울까,weather
오산 날씨 어때,weather
동해 비오냐,weather
성주 날씨 더울까,weather
양구 우산 필요해,weather
김포 날씨 추울까,weather
인제 날씨 덥니,weather
일산 날씨 어때,weather
단양 우산 쓸까,weather
안성 우산 챙겨야 할까,weather
수원 더울까,weather
청도 날씨 맑냐,weather
예천 날씨 흐리니,weather
김제 날씨 더울까,weather
경산 날씨 어떠니,weather
음성 날씨 흐리냐,weather
영주 날씨 어떠니,weather
함안 날씨 더울까,weather
함평 날씨 좋니,weather
미추홀 날씨 맑냐,weather
단양 우산 가져갈까,weather
창원 우산 필요하냐,weather
용인 덥니,weather
미추홀 날씨 더울까,weather
평창 우산 필요하냐,weather
영월 흐릴까,weather
영광 맑냐,weather
태안 우산 챙길까,weather
안동 날씨 어때,weather
남해 우산 챙겨야 할까,weather
광주 덥니,weather
김해 우산 써야하니,weather
임실 흐리냐,weather
춘천 맑을까,weather
여주 흐릴까,weather
창녕 비오니,weather
포항 덥니,weather
오산 덥니,weather
속초 우산 써야 할까,weather
진도 맑을까,weather
해운대 흐릴까,weather
양구 날씨 맑니,weather
고성 우산 써야 할까,weather
창원 날씨 덥니,weather
용인 날씨 흐릴까,weather
남원 날씨 덥니,weather
화성 비오냐,weather
태백 날씨 덥니,weather
하동 맑냐,weather
무안 비오니,weather
과천 맑냐,weather
하동 날씨 어때,weather
홍천 날씨 덥니,weather
태백 날씨 흐리니,weather
사천 날씨 춥니,weather
영광 날씨 더울까,weather
태안 날씨 맑냐,weather
예산 눈 올까,weather
계룡 맑을까,weather
의정부 우산 필요하니,weather
여수 우산 챙길까,weather
연천 우산 챙길까,weather
남원 날씨 흐리니,weather
나주 맑니,weather
단양 흐리니,weather
경산 맑니,weather
영월 우산 쓸까,weather
부여 비오냐,weather
옥천 날씨 더울까,weather
김천 눈 오냐,weather
하남 덥니,weather
미추홀 날씨 어떠니,weather
전주 눈 올까,weather
고성 날씨 흐리냐,weather
양주 맑을까,weather
완도 추울까,weather
김천 추울까,weather
음성 우산 필요하냐,weather
일산 비오냐,weather
여주 비오냐,weather
김천 날씨 어떠냐,weather
철원 더울까,weather
익산 맑을까,weather
제주 덥니,weather
태안 날씨 흐리니,weather
금산 날씨 춥니,weather
구미 날씨 맑니,weather
신안 맑을까,weather
태백 날씨 어때,weather
인제 우산 써야하니,weather
홍성 날씨 맑을까,weather
양평 맑을까,weather
순창 날씨 어떠니,weather
진천 날씨 좋니,weather
이천 맑니,weather
경주 날씨 어떠냐,weather
영동 우산 필요하니,weather
당진 덥니,weather
예천 날씨 덥니,weather
나주 눈 올까,weather
구례 우산 필요하니,weather
춘천 우산 가져가야하니,weather
화천 날씨 흐리니,weather
순창 날씨 추울까,weather
창녕 우산 필요해,weather
거창 날씨 맑니,weather
무주 우산 챙길까,weather
양구 날씨 맑냐,weather
김제 날씨 덥니,weather
포항 날씨 좋니,weather
청양 날씨 어떠니,weather
고성 날씨 춥니,weather
군포 우산 써야하니,weather
영주 날씨 흐리냐,weather
순창 날씨 춥니,weather
단양 맑을까,weather
수원 비오니,weather
예산 날씨 흐리냐,weather
산청 맑을까,weather
하남 우산 써야 할까,weather
양주 우산 필요할까,weather
아산 날씨 흐리냐,weather
과천 우산 가져가야하니,weather
시흥 흐릴까,weather
광주 우산 필요하냐,weather
보은 우산 쓸까,weather
광양 날씨 흐릴까,weather
창녕 우산 챙겨야해,weather
부여 우산 필요하니,weather
금산 날씨 춥냐,weather
광주 맑냐,weather
봉화 더울까,weather
고령 날씨 더울까,weather
군산 우산 필요할까,weather
밀양 흐릴까,weather
청도 비오니,weather
임실 우산 써야하니,weather
완도 우산 써야 할까,weather
화천 눈 올까,weather
순창 덥냐,weather
괴산 날씨 덥니,weather
함평 우산 써야 할까,weather
충주 날씨 흐리냐,weather
부여 날씨 춥냐,weather
장흥 눈 올까,weather
용산 맑을까,weather
성남 날씨 흐릴까,weather
순창 날씨 덥냐,weather
원주 날씨 흐리니,weather
영천 날씨 맑니,weather
양산 우산 필요할까,weather
함평 날씨 더울까,weather
시흥 날씨 어떠냐,weather
장성 우산 챙길까,weather
영덕 춥니,weather
양주 추울까,weather
곡성 우산 써야하니,weather
부천 날씨 춥냐,weather
영양 날씨 좋니,weather
함안 눈 오니,weather
화천 날씨 좋니,weather
춘천 우산 필요할까,weather
임실 눈 오니,weather
수원 우산 써야 할까,weather
청도 우산 필요하냐,weather
의령 눈 올까,weather
안동 날씨 어떠냐,weather
미추홀 날씨 맑니,weather
장수 날씨 맑니,weather
군산 날씨 흐릴까,weather
김해 날씨 흐릴까,weather
강릉 맑을까,weather
창녕 맑을까,weather
진주 맑니,weather
문경 날씨 추울까,weather
전주 날씨 덥냐,weather
인제 우산 필요하니,weather
창원 흐리냐,weather
진도 날씨 맑을까,weather
장흥 눈 오냐,weather
태백 눈 오니,weather
대구 우산 챙길까,weather
제주 날씨 덥니,weather
진도 눈 오냐,weather
영양 날씨 덥냐,weather
구례 더울까,weather
동해 우산 가져가야하니,weather
공주 우산 필요해,weather
영월 우산 써야 할까,weather
증평 날씨 어떠냐,weather
의령 맑을까,weather
서산 우산 써야 할까,weather
양산 우산 필요해,weather
구미 날씨 덥니,weather
영암 우산 가져갈까,weather
군포 비오냐,weather
하남 덥냐,weather
